Name,Lon,Lat,Glon,Glat,Gidx,Gjdx,Dist(km),VZA
Cuiaba,-56.070214,-15.555244,-56.06778382254469,-15.561026579923205,3689,3546,0.6936917895415228,28.15
Alta_Floresta,-56.104453,-9.871339,-56.11233754540177,-9.873243823551881,3713,3247,0.8893298655649032,24.63
Jamari,-63.068552,-9.19907,-63.06121113479024,-9.203758927451743,3357,3214,0.9597380292119483,17.41
Tucson,-110.953003,32.233002,-110.95425088144582,32.24714313740884,1223,1117,1.5767966469559784,54.239998
GSFC,-76.839833,38.9925,-76.8503783852416,38.98786964406552,2635,803,1.0467797878041656,45.579998
Kolfield,-74.476387,39.802223,-74.47315878610318,39.79392659938238,2733,773,0.9628602219952054,46.44
Porto_Nacional,-48.41,-10.7,-48.4202707660929,-10.70143904418539,4078,3286,1.1335480839770529,33.079998
Brasilia,-47.900002,-15.917,-47.905003221635006,-15.908675994342394,4067,3556,1.0689822187590783,36.02
Harvard_Forest,-72.188,42.532,-72.1847662919432,42.52574852486604,2821,676,0.7439249184621317,49.53
Wallops,-75.47195,37.93285,-75.46367105203115,37.926946687413356,2692,843,0.9788420313123776,44.34
Hampton_Roads,-76.449997,36.783333,-76.46073072935418,36.79162053383369,2649,887,1.3277369945642947,43.05
Hagerstown,-77.724998,39.708332,-77.73026580160081,39.71986741980502,2600,776,1.3595205070482095,46.39
Hog_Island,-75.675,37.453,-75.67279176610417,37.458777637112554,2683,861,0.6713623687920885,43.75
Tukurui,-49.683331,-3.716666,-49.67848833477155,-3.718413017244359,4044,2913,0.5713827609961553,29.8
Arizona,-110.788002,32.442001,-110.78561367661368,32.428758481294544,1232,1109,1.4894621619958532,54.26
Santarem,-54.706,-2.428584,-54.70147701077397,-2.429090946883285,3801,2844,0.5056336223003639,23.92
Waskesiu,-106.069578,53.914386,-106.05769052516503,53.90935934963361,1829,372,0.9584470393767738,68.25
Ariquiums,-63.033332,-9.916667,-63.03091773674833,-9.910529347064935,3357,3252,0.7319184944624145,17.9
Colorado,-105.550003,40.450001,-105.5521725769151,40.440477221589006,1558,784,1.0747926030567938,56.829998
AFRAME,-63.070137,-9.196667,-63.06121113479024,-9.203758927451743,3357,3214,1.2576822582639497,17.41
Fruiteria,-63.108334,-9.708195,-63.11579793599293,-9.705227294257252,3353,3241,0.8821192917239057,17.67
Babes_Inn,-63.102665,-9.457084,-63.10718017896012,-9.463534973780858,3354,3228,0.8716656775753051,17.529999
JamTown,-63.1798,-9.190911,-63.17553062460855,-9.184526629889941,3351,3213,0.8506451673308227,17.32
Key_Biscayne,-80.16333,25.731966,-80.15687130467917,25.736739747071653,2459,1365,0.8368403927545762,30.97
Sevilleta,-106.885002,34.354721,-106.89818289599128,34.35057400965649,1400,1021,1.2948980776143098,52.82
Jornada,-106.516944,32.351111,-106.52153650831467,32.34717084632269,1379,1103,0.6148726935594044,51.09
CART_SITE,-97.48639,36.60667,-97.4775207158069,36.605433153274134,1782,913,0.8035490777972044,49.11
Cart_Site,-97.48639,36.60667,-97.4775207158069,36.605433153274134,1782,913,0.8035490777972044,49.11
NSA_YJP_BOREAS,-98.290001,55.903,-98.2942565405496,55.924187383165936,2067,310,2.3708087302977883,67.72
FLIN_FLON,-101.690002,54.669998,-101.6799621883404,54.673124829188154,1956,345,0.7332342983627937,67.56
SSA_YJP_BOREAS,-104.650002,53.674999,-104.65517498912976,53.67889325425035,1859,375,0.5509959596673724,67.67
PRINCE_ALBERT,-105.699997,53.200001,-105.69996902152448,53.20831332638182,1822,389,0.9242904006528941,67.659996
Thompson,-97.849998,55.799999,-97.86553425731621,55.80939351673527,2076,312,1.4261507257747683,67.31
HJAndrews,-122.223892,44.238609,-122.21538267828717,44.23557541954899,1189,696,0.7571950985966613,69.76
Ukiah,-118.918884,45.13361,-118.93564582890266,45.129158933416974,1289,657,1.4049653222038347,68.26
Wisconsin,-89.653725,46.051888,-89.66575243748788,46.037262540421445,2186,568,1.8725600488888225,55.28
Ji_Parana,-61.799999,-10.86,-61.8014371594219,-10.852878988126044,3419,3302,0.8072455992620048,19.66
Spokane,-117.53389,47.61972,-117.55716753786012,47.60518315689491,1389,575,2.3785581648566634,68.99
LAMTO,-5.03,6.21,-5.011958041684465,6.200328982668364,5352,2406,2.2658617839980684,78.659996
Bondoukoui,-3.75,11.85,-3.7514069309191025,11.872891048422574,5320,2132,2.549968845423791,80.6
Bidi_Bahn,-2.45,14.06,-2.4188835677038716,14.036814099194725,5307,2031,4.232375621234443,81.88
Park_Brasilia,-47.916668,-15.743333,-47.9100816204948,-15.751921357759818,4068,3548,1.1869502878895286,35.89
Albany_Oregon,-123.066666,44.583332,-123.07738913083033,44.58585324582409,1180,687,0.8942940702069806,70.619995
Biggs,-121.73333,39.450001,-121.71685878680402,39.45288786270464,1072,862,1.4502026139585418,66.61
Chapada,-55.830143,-15.360644,-55.82478411154732,-15.351777089105568,3702,3535,1.1411755275650297,28.269999
Jaru,-62.547749,-10.386164,-62.55254420001624,-10.379920053836926,3381,3277,0.8701236717550779,18.69
Jar16,-62.389167,-10.166944,-62.39082490146549,-10.175724311531777,3390,3266,0.9930447310150295,18.63
Jar32,-62.298056,-10.223611,-62.292681337294155,-10.23238012015488,3395,3269,1.138723315321709,18.789999
JARU_TOWN,-62.467778,-10.443056,-62.47348796986699,-10.436497802307724,3385,3280,0.9600392270406481,18.76
Agri_School,-56.180279,-10.080833,-56.17741817178337,-10.078635101599815,3709,3258,0.3972694112115894,24.699999
Teles_Peres,-56.02,-9.667945,-56.026985376263866,-9.668221584859793,3718,3236,0.7663239101018335,24.63
Lago_Sul,-47.894287,-15.793548,-47.90317562905515,-15.791215663780823,4068,3550,0.9857896720385569,35.95
Shade_Tree,-56.028332,-9.7577,-56.0203189738883,-9.761836229217982,3718,3241,0.9912693704236141,24.68
Red_Bluff,-122.25,40.150002,-122.27091980418254,40.155557584391126,1077,838,1.8822229844548732,67.439995
Pullman,-117.191666,46.75,-117.17950018309244,46.76224271128587,1375,600,1.6468638232412895,68.22
Bordman,-119.666664,45.816666,-119.65106944034069,45.81247667897728,1291,637,1.2952590881949548,69.21
White_Sands,-106.350998,32.918999,-106.33970016466458,32.91179053038848,1395,1079,1.3246335691891853,51.43
AF_gas_station,-55.860001,-9.997,-55.86364464661895,-9.988092052317926,3725,3253,1.0678647945346706,24.949999
ORO_PRETO,-62.23,-10.73,-62.2290643487011,-10.737364203442729,3397,3296,0.8252174685942751,19.24
GORDO_rest,-55.993,-15.401,-56.00330395728277,-15.407088950746127,3693,3538,1.2955797873627097,28.08
Terra_Santa,-55.961388,-9.927222,-55.968059897494896,-9.930847918709816,3720,3250,0.8346142428522719,24.789999
TV_Tower,-47.900002,-16.0,-47.91018353895364,-16.006556762789266,4066,3561,1.3099110622184418,35.98
Missoula,-114.083336,46.916668,-114.09600652282272,46.914023725150535,1455,587,1.0063016932628581,66.659996
Owens_Lake,-117.870697,36.487778,-117.85251543146047,36.49051166398488,1100,963,1.6535627729907525,62.18
Capo_Verde,-22.935499,16.7325,-22.928328910441625,16.73002531288824,4938,1864,0.8115977098709204,61.89
Ouagadougou,-1.48723,12.42413,-1.4649143150660406,12.405924625655834,5332,2110,3.1576377336644783,82.83
UCSB,-119.84536,34.415428,-119.84593911376776,34.40705595824877,998,1051,0.9324432064929664,62.39
Jug_Bay,-76.778099,38.766666,-76.77166527070483,38.77412767677486,2638,811,0.9997543077928376,45.28
SERC,-76.555795,38.888901,-76.55729519473508,38.87999712170498,2647,807,0.9985449283671632,45.41
Burtonsville,-76.949881,39.093714,-76.95057776535826,39.09535656772218,2631,799,0.19228861861125876,45.739998
Gaithersburg,-77.208336,39.133335,-77.21830341838289,39.123321564672565,2620,798,1.406753366218111,45.75
La_Jolla,-117.25113,32.86846,-117.26485410153273,32.86301654576008,1037,1107,1.4175241537863636,59.489998
NS_OJP_BOREAS,-98.620003,55.926998,-98.62146571582345,55.94581874135448,2059,310,2.094752861780832,67.79
SS_OJP_BOREAS,-104.69,53.916,-104.70981727452997,53.92283317599081,1863,369,1.503809232518926,67.84
Boulder,-105.260832,39.991466,-105.25703718848024,39.98251642433592,1559,800,1.0463480412887065,56.17
Barcelona,2.11206,41.38925,2.028609138043945,41.29422709225659,4725,898,12.656117836012896,90.0
OAS-SSA,-106.2,53.63,-106.21396320751394,53.643027384863245,1819,379,1.716341123964135,68.18
OBS-SSA,-105.12,53.985,-105.13292188581536,53.99611709105341,1854,368,1.4972320336479235,68.03
CANDLE_LAKE,-105.267,53.733,-105.24977241415174,53.72524799060839,1845,375,1.423852901616151,67.96
Paddockwood,-105.561817,53.507889,-105.5765053200413,53.51300837953612,1832,381,1.1257884973571133,67.99
Madison,-89.41,43.07,-89.4205856817673,43.07022687635106,2164,665,0.8602445018116309,52.17
Tuxtla_Gutierrez,-93.152222,16.754722,-93.14787989883969,16.75513391078659,1779,1815,0.46458555844264054,28.96
Tenosique,-91.425556,17.4875,-91.4353366276591,17.492435067320837,1867,1776,1.1734892872189437,28.24
Trinidad_Head,-124.15102,41.05392,-124.16753263490574,41.06757670572768,1058,811,2.0549315874138405,69.26
CARTEL,-71.93133,45.379754,-71.91838929200463,45.38332927496072,2825,581,1.0860644207652823,52.739998
Toronto,-79.47,43.79,-79.46387516152069,43.77644116275362,2542,634,1.5858256991390107,51.01
El_Refugio,-62.034722,-14.766388,-62.03663663696348,-14.771388033920141,3394,3509,0.5928676494098765,22.619999
SANTA_CRUZ,-63.177717,-17.802133,-63.17750043664938,-17.804508824497777,3324,3666,0.2651726801094296,24.56
Campo_Grande,-54.616667,-20.45,-54.60818344591992,-20.454395894457722,3726,3792,1.010021370436628,33.04
Uberlandia,-48.28333,-18.9,-48.283852071534,-18.892447900529056,4025,3707,0.841549317739615,37.28
Alianca,-47.533333,-14.733333,-47.54401401585353,-14.726093702925242,4092,3495,1.4026270282874147,35.79
CAMPO_VERDE,-55.175,-15.561667,-55.18191424650536,-15.555635813233435,3732,3545,0.9991628831395805,28.98
Pantanal,-56.621833,-16.3955,-56.628586837740336,-16.387871087853966,3657,3589,1.1129606040697602,28.33
Potosi_Mine,-62.863328,-9.23092,-62.87099156241228,-9.223455161912558,3367,3215,1.181724973877938,17.59
Repressa_Samuel,-63.459333,-8.755167,-63.45675029248159,-8.756458544052412,3337,3190,0.3181010287066019,16.72
Flor_De_Oro,-61.013889,-13.553056,-61.01200075819052,-13.55896449898775,3451,3445,0.6879716129541128,22.47
Banizoumbou,2.66519,13.54693,2.6364958261886544,13.519686923666518,5340,2064,4.335822356951593,88.369995
OceolaNF,-82.442778,30.205278,-82.44425635045502,30.20395902986307,2365,1163,0.20418879729628447,36.469997
JonesERC,-84.471111,31.23083,-84.47695805060152,31.241419116507647,2277,1119,1.3020914636992436,38.21
TallTimbers,-84.23889,30.664167,-84.2339957075368,30.661917279880974,2285,1144,0.5307757614955341,37.489998
OkefenokeeNWR,-82.128611,30.741111,-82.12272473330516,30.748536396291783,2382,1139,0.9990829154202852,37.03
Bermuda,-64.696111,32.37,-64.68844574486958,32.37644749431944,3177,1071,1.0159691507403665,39.55
Dry_Tortugas,-82.871944,24.628056,-82.87224984144495,24.637146560147258,2323,1418,1.0112967564157598,30.46
Ascension_Island,-14.414722,-7.976389,-14.412650186785594,-7.9692933290697505,5210,3113,0.8213262208849516,68.9
Windsor_B,-83.083,42.283,-83.08166105364931,42.271612514284236,2397,687,1.271013384597961,49.92
Barbados,-59.624122,13.148575,-59.63100149440059,13.154906171705674,3523,2000,1.0249315079021024,23.789999
Tahiti,-149.6063,-17.5769,-149.5709790692438,-17.582483220682423,150,3554,3.795207082858957,85.299995
Tamihua,-97.44245,21.260717,-97.45234274862116,21.25457132886935,1609,1594,1.2320631492070102,35.899998
T0_MAX_MEX,-99.1485,19.489944,-99.15239210775746,19.491551180541627,1517,1683,0.44540638705146945,36.17
Quarzazate,-6.909,30.939,-6.890826960426105,30.95671944602511,4953,1263,2.624052723860754,80.759995
CARTEL_POL,-71.931333,45.379444,-71.91838929200463,45.38332927496072,2825,581,1.0993684620649729,52.739998
Rame_Head,-4.219809,50.317132,-4.205884365204204,50.301413669401484,4381,585,2.0081358344764206,89.909996
Dakar,-16.958611,14.394167,-16.960080849180542,14.407342127961472,5102,1988,1.473535527707434,67.28
Guadeloup,-61.528378,16.22492,-61.530900706058304,16.22339003165145,3414,1839,0.31857023034896703,24.8
Aire_Adour,0.25,43.7,0.23546032625367627,43.6912133763704,4639,809,1.5234797336357135,90.0
Miami,-80.27972,25.72292,-80.27886273847531,25.716278175937294,2453,1366,0.7435135285572642,31.01
Sterling,-77.46667,38.98333,-77.4556496198906,38.9905518875133,2610,803,1.245841936535014,45.61
Sandy_Hook,-73.99333,40.448056,-73.9964862833665,40.45274360544587,2752,749,0.5856757617906143,47.07
BONDVILLE,-88.371944,40.053333,-88.37686098889544,40.06260949997735,2175,770,1.1131543781070485,48.719997
MISR-JPL,-118.17439,34.199,-118.1904898976334,34.19512489212891,1039,1055,1.5421351111640256,61.129997
Los_Fieros,-60.616667,-14.55,-60.62267648728657,-14.556372077634705,3467,3497,0.9593554100283368,23.539999
LOS_FIEROS_98,-60.929,-14.556,-60.93742714396351,-14.5529090193689,3451,3497,0.9699237611748431,23.3
NEW_YORK,-74.0,40.77,-73.99125041927674,40.75766296608221,2752,738,1.5572034450556576,47.539997
Cheritan,-75.971778,37.289478,-75.97701307821096,37.27832126089167,2670,868,1.324210641682715,43.61
Las_Cardes,-71.257778,-30.250833,-71.26020165302592,-30.261735381884407,2886,4264,1.2344374185081064,35.079998
CUIABA_01,-56.0,-15.5,-55.99219164836257,-15.504074928157754,3693,3543,0.9514803604431141,28.16
Zenith,-70.01,37.35,-70.00624596622393,37.35360764575904,2923,866,0.5206062368068448,43.92
Bratts_Lake,-104.713013,50.204238,-104.70688289267365,50.19286331808932,1782,468,1.3379556404113413,64.57
Tombstone,-110.05,31.742,-110.03668199170438,31.746258519459566,1245,1136,1.3454440501067102,53.23
CUIABA_02,-56.0,-15.5,-55.99219164836257,-15.504074928157754,3693,3543,0.9514803604431141,28.16
T1_MAX_MEX,-98.98195,19.703067,-98.97165289648783,19.70871404448621,1527,1672,1.2474859842186172,36.149998
Manaus,-60.03864,-2.59908,-60.03213819609042,-2.5996339409557896,3527,2854,0.7248455804290084,17.74
Windsor_M,-82.87,42.17,-82.86135008290913,42.181349859727575,2405,690,1.4494295539883286,49.71
San_Nicolas,-119.486972,33.256889,-119.49078958049532,33.250883233044306,982,1097,0.7562968468811191,61.48
Izana,-16.49906,28.30932,-16.49257417926623,28.297405127667375,4876,1346,1.4691761230838907,71.2
Tenerife,-16.633333,28.033333,-16.642568128044218,28.033238545632834,4879,1357,0.9064789602475808,71.119995
Lunar_Lake,-115.988383,38.390083,-115.98474882484878,38.3961508560279,1196,885,0.7453542579986024,61.93
Teide,-16.639,28.27,-16.640344431616406,28.264361723996007,4874,1347,0.6406243082803239,71.2
Sioux_Falls,-96.625991,43.736481,-96.63734309320282,43.7438389230263,1915,652,1.2251983994371654,55.42
Walker_Branch,-84.2875,35.958333,-84.280020500536,35.9595671698047,2312,923,0.687040659070367,43.28
Niabrara,-100.02,42.764833,-100.02403907230261,42.76496438018346,1784,691,0.33004630546231767,55.92
Egbert,-79.781414,44.231543,-79.76933173043385,44.231126176794234,2532,619,0.9637628845272761,51.539997
Brookhaven,-72.8847,40.866,-72.89064123411916,40.87276631695954,2796,734,0.9031336631697798,47.579998
Saturn_Island,-123.128177,48.775252,-123.10123027643824,48.76260467182387,1302,556,2.424433985010015,73.18
Surinam,-55.2,5.8,-55.19274545255421,5.793461901027084,3771,2396,1.082871545169473,24.26
Oyster,-75.933192,37.295044,-75.93028727806187,37.30404310656718,2672,867,1.033113920939987,43.61
Ilorin,4.6745,8.4841,4.660957159297224,8.415936995643293,5392,2308,7.724361313899751,88.59
Concepcion,-62.028,-16.138167,-62.03028188373137,-16.140162214165855,3389,3580,0.329586314111972,23.81
Rogers_Lake,-117.83,34.97,-117.83778593986919,34.967495885005825,1066,1023,0.7621425895816203,61.3
Arica,-70.313333,-18.471667,-70.3223113435319,-18.47488004460847,2955,3703,1.0120623708850303,21.939999
Monclova,-101.47,25.95,-101.47734392725579,25.953042653454034,1483,1376,0.8084615029896595,42.64
Aguascalientes,-102.32,21.7,-102.30847235164738,21.695136657432354,1400,1579,1.3080199123251832,40.29
NASA_LaRC,-76.37864,37.10496,-76.37357567903499,37.09894427537459,2653,875,0.8057099390486316,43.329998
Pickle_Lake,-90.2175,51.449444,-90.22915763870664,51.4400465827805,2228,411,1.320853280078486,61.17
Andros_Island,-77.8,24.7,-77.79653986280071,24.70675026715349,2573,1413,0.8279920917393856,29.349998
Kejimkujik,-65.2833,44.383333,-65.2929084946319,44.37472523802998,3074,617,1.2244357437397388,52.449997
Table_Mountain,-105.237,40.125,-105.2442426021022,40.118912762001536,1562,795,0.9150909658709189,56.329998
TABLE_MOUNTAIN_CA,-117.68,34.38,-117.66516658881696,34.38279868850696,1058,1046,1.396364053982076,60.67
Howland,-68.7402,45.2041,-68.75151619717575,45.20058323681944,2942,588,0.9690148325404977,52.879997
Chequamegon,-90.25,45.933333,-90.23712798321797,45.93081576645063,2165,572,1.034088671563657,55.46
USDA,-76.879997,39.029999,-76.87620691991025,39.04148483875143,2634,801,1.3184519618757229,45.579998
St_John_Island,-64.73,18.32,-64.73322679784597,18.319021200497687,3243,1730,0.35758468840937047,24.71
Abracos_Hill,-62.358333,-10.76,-62.362011034944715,-10.755104510146895,3390,3297,0.6765775417951134,19.07
EOPACE1,-75.75075,36.182167,-75.75262653099928,36.18056970457287,2679,911,0.24476795123806183,42.3
EOPACE2,-75.744717,36.183583,-75.75262653099928,36.18056970457287,2679,911,0.7849855867075225,42.3
Mexico_City,-99.181667,19.333611,-99.18860056638393,19.331566617410815,1514,1691,0.762193504195361,36.0
Carlsbad,-104.233167,32.368833,-104.23504507056813,32.35552467639222,1463,1098,1.4902943395492447,49.48
Buena_Vista,-119.26,35.22,-119.2700071078108,35.217084898291226,1032,1017,0.9651233917638504,62.39
Rimrock,-116.991667,46.4875,-117.00116478159788,46.491248494396835,1372,608,0.8381124413807801,68.14
Albuquerque,-106.535836,35.051672,-106.53621936043092,35.04910068716388,1425,992,0.288038719786069,53.129997
Tahoe_City,-120.135,39.1733,-120.12650734367577,39.1636517785701,1104,868,1.2988454879647957,65.4
Shelton,-98.760286,40.750064,-98.76084542041924,40.736439557789126,1795,760,1.5157017370823906,53.44
Mont_Joli,-68.156,48.64,-68.16607996571655,48.62824182498608,2946,483,1.5026965673077028,56.53
Marina,-121.787993,36.806284,-121.7818342462546,36.804513246610334,1004,962,0.5826009712688424,65.26
Konza,-96.559667,39.0825,-96.55203198516962,39.078460197708665,1851,817,0.7975595718402044,50.93
MD_Science_Center,-76.612052,39.28123,-76.61611353449437,39.28213552524008,2645,792,0.36378691751329073,45.87
Aguas_Emendadas,-47.6563,-15.58175,-47.64622765210984,-15.581610694550884,4081,3539,1.0789437261613521,36.04
Belterra,-54.95165,-2.648483,-54.9561845040458,-2.648598813125689,3788,2856,0.5038398349083614,23.609999
Balbina,-59.4868,-1.916983,-59.487716639994204,-1.9250299893854006,3556,2817,0.9005644287412713,18.3
CEILAP-BA,-58.506411,-34.555425,-58.50243760824374,-34.565738495565064,3426,4437,1.2031447740518608,43.35
Katibougou,-7.532,12.916667,-7.550110347209097,12.915332599714924,5270,2076,1.9684280332153534,76.77
Cordoba-CETT,-64.463682,-31.524075,-64.46764909414472,-31.514029926779504,3192,4315,1.1785621784705593,37.98
COVE,-75.71,36.9,-75.7138306224565,36.89234726965072,2681,883,0.9165927266948761,43.17
China_Lake,-117.744533,35.6741,-117.75417193592618,35.66698234564464,1084,995,1.176660498467356,61.649998
Mammoth_Lake,-119.033333,37.616667,-119.04969704811904,37.61640590460386,1094,923,1.4416214263313802,63.699997
Rogers_Dry_Lake,-117.885,34.92555,-117.871101037223,34.9197053343032,1064,1025,1.424127232410705,61.3
Stennis,-89.616667,30.368014,-89.60785504405516,30.375545439654893,2041,1161,1.1899547451167256,39.28
El_Arenosillo,-6.733472,37.105,-6.742618904193678,37.105088285650545,4790,1020,0.811219498434608,82.52
UCLA,-118.442752,34.069605,-118.4434556449852,34.063874208332514,1029,1061,0.6405226712350269,61.129997
Maricopa,-111.972298,33.069023,-111.96927944930384,33.07270406475404,1205,1085,0.4966416782686305,55.68
Churchill,-93.818167,58.736,-93.80118078457356,58.741954992694794,2227,243,1.1828674704737618,69.28
Azores,-28.63,38.53,-28.623252605867638,38.53598186630927,4366,895,0.8870648171552182,65.46
KONZA_EDC,-96.6096,39.102328,-96.6167585564471,39.10807531729707,1849,816,0.8887894727573612,50.93
Roosevelt_Roads,-65.599456,18.212336,-65.6027070826648,18.21220603480866,3199,1735,0.3436983647464094,24.13
Puerto_Madryn,-65.01,-42.79,-64.99905956254356,-42.803378116572226,3096,4753,1.7348506019792664,49.809998
La_Parguera,-67.045383,17.97045,-67.03896155562478,17.964287984126575,3126,1747,0.9647824017670116,23.25
Rio_Branco,-67.86935,-9.957467,-67.86666762193691,-9.960284746683175,3099,3256,0.4295011223769777,14.009999
GISS,-73.9599,40.7977,-73.96584464699185,40.78554337455135,2753,737,1.4414194073177649,47.539997
BSRN_BAO_Boulder,-105.006033,40.045183,-104.99318536587053,40.049236886137024,1569,797,1.1828664016586865,56.14
Billerica,-71.268619,42.528347,-71.25712632804596,42.53255925983565,2857,676,1.051775757461602,49.6
Kelowna,-119.373,49.955333,-119.37835848100131,49.969700776580986,1415,510,1.6429597205212199,71.659996
CEILAP-UTN,-58.468611,-34.659722,-58.47890061773046,-34.664693553956,3426,4441,1.091442940474869,43.48
Agoufou,-1.479117,15.3454,-1.5015047726713606,15.366471925280806,5297,1970,3.3544949442595517,83.15
Sao_Paulo,-46.734983,-23.5615,-46.744545247724844,-23.55923839499075,4042,3932,1.0065592902160945,41.66
Angiola,-119.538,35.947,-119.52046341470718,35.94398394564719,1042,989,1.6138860083848157,63.059998
SteamboatSpring,-106.807117,40.404867,-106.79539966464739,40.40578938898328,1517,788,0.9974233951817162,57.559998
CUIABA-MIRANDA,-56.07086,-15.73091,-56.068155484301045,-15.735526195296337,3688,3555,0.5892896624186089,28.3
Orizaba,-97.324167,19.106111,-97.32491609981172,19.108132700253773,1597,1700,0.23818296016154597,34.28
Bragansa,-46.641,-0.834,-46.64172128428758,-0.8423147349293013,4188,2757,0.9280277992544598,33.09
Railroad_Valley,-115.691,38.497,-115.68549613160528,38.50777411163467,1207,880,1.2902143735539682,61.68
Homburi,-1.546667,15.329167,-1.54603070202369,15.343366461819777,5297,1971,1.580381808784995,82.909996
Philadelphia,-75.004667,40.035667,-75.01229886683699,40.03926237081027,2711,764,0.7628732028937003,46.75
Penn_State_Univ,-78.0809,40.7421,-78.07693312614292,40.7389301732967,2588,739,0.4857244973205845,47.5
Lochiel,-122.602,49.028,-122.5839892540284,49.014610323136914,1320,547,1.9853340083540758,73.01
Santiago,-70.717033,-33.489633,-70.72396341630487,-33.489699709587036,2903,4402,0.6427345471518809,38.69
Rochester,-77.5864,43.2337,-77.59106726674571,43.2264766441515,2612,652,0.8877578767886523,50.35
Big_Meadows,-78.436111,38.521944,-78.44700431449509,38.51756826400038,2568,821,1.0653041214456571,45.1
Biarritz,-1.55,43.483333,-1.5327076139657372,43.473775376589494,4636,810,1.7539150597965494,89.35
Pic_du_midi,0.1413,42.937217,0.12047025751187304,42.942478578764174,4663,834,1.793690206054145,90.0
CCNY,-73.949036,40.821313,-73.94041368796373,40.81344308644249,2754,736,1.136777561871611,47.539997
Columbia_SC,-81.036333,34.022803,-81.04607085924512,34.01277873564251,2443,1000,1.4310606799190382,40.489998
Tarbes_Etal,0.049283,43.224033,-0.033360691601413854,43.1314689038724,4656,827,12.281968917692431,90.0
Hermosillo,-110.96,29.074722,-110.95481084068167,29.08189600795135,1167,1253,0.9437397607748154,52.199997
London-UCL-UAO,-0.131101,51.52427,-0.03850608598111121,51.49697748451576,4363,565,7.090275418539278,90.0
Dahkla,-15.95,23.716667,-15.958893805903715,23.72711491235694,4979,1550,1.472889532463877,70.45
Norfolk_State_Univ,-76.259,36.848,-76.251283537307,36.842196674615145,2658,885,0.9422833749409547,43.04
Monterey,-121.854867,36.59255,-121.866192522811,36.60399528833392,997,970,1.625382109381314,65.25
Fresno,-119.773167,36.781733,-119.77516390029555,36.78410687156628,1055,957,0.31828070685863613,63.76
IHOP-Homestead,-100.606183,36.558333,-100.59437015649607,36.56465585255059,1664,920,1.2678468757420334,50.629997
Corcoran,-119.5661,36.10343,-119.58320834471313,36.10162718796459,1044,983,1.550056379053582,63.23
SMEX,-93.664,41.936,-93.65206707822526,41.94789839198584,1996,709,1.6506161311463854,52.42
Halifax,-63.594,44.638,-63.60176552851727,44.629438412552325,3134,610,1.133086634044327,52.989998
Jaru_Reserve,-61.933333,-10.083333,-61.936982888094846,-10.08560540876865,3414,3261,0.4727691637516692,19.01
CRYSTAL_FACE,-80.422167,25.650167,-80.41907502484189,25.653332417053456,2446,1369,0.4689809904818893,30.91
Ji_Parana_UNIR,-61.9686,-10.882212,-61.97212526562712,-10.889034656992148,3410,3304,0.8507170041107317,19.56
Ahi_De_Cara,-3.43,37.12,-3.470970551712978,37.08715056796914,4820,1032,5.152058595029632,85.2
Armilla,-3.631519,37.134258,-3.6038310610776043,37.15439506015698,4817,1029,3.3221228611648375,85.02
Pitres,-3.326081,36.935778,-3.3453888007431543,36.913574104762155,4826,1039,3.0069070720287305,85.39
Kuujjuarapik,-77.76,55.28,-77.75938372830012,55.28331344332883,2631,307,0.37049947348457596,63.469997
Porto_Velho,-63.95,-8.77,-63.945827225427976,-8.772382645890334,3311,3191,0.5295980886139834,16.279999
Palencia,-4.515694,41.988572,-4.527837076181608,41.996696414165534,4662,850,1.3502685796527283,85.97
Lannion,-3.461944,48.730833,-3.5488983940500916,48.76470394681108,4441,633,7.404786411968645,90.0
Cabo_Raso,-9.48587,38.70937,-9.527648044444746,38.69244548650339,4713,951,4.084788847272255,80.46
Kellogg_LTER,-85.371717,42.407983,-85.37335421318149,42.40504134743067,2310,684,0.3536404042302609,50.41
Great_Falls,-77.245,39.005333,-77.2386721737823,39.01625506943131,2619,802,1.3318694644304854,45.6
Riverside_Park,-77.066667,38.716667,-77.05936118181643,38.72204456675537,2626,813,0.8713725063723391,45.289997
Rockville,-77.129582,39.056085,-77.11940215730255,39.0692681680065,2624,800,1.7091946750439875,45.6
The_Mall,-77.030917,38.889522,-77.0404948899986,38.88178161741139,2627,807,1.1950066920753022,45.44
Greenbelt_Park,-76.89355,38.746,-76.89145295087322,38.747964066831834,2633,812,0.2842004249005837,45.28
KIPP_Ujima_Village,-76.658864,39.344456,-76.66620924678264,39.336164841626996,2643,790,1.1175753186898756,45.87
Worthington_ES,-76.792985,39.244536,-76.78553879190699,39.255827042806025,2638,793,1.4097550541780204,45.879997
Mt_Royal_ES_MS,-76.625087,39.309093,-76.61682486786012,39.30905931027143,2645,791,0.7108502397651693,45.87
Mt_Washington_ES,-76.65459,39.36631,-76.64259798352303,39.3630368353527,2644,789,1.09328464361455,46.03
Southeast_MS,-76.530643,39.284685,-76.51886207895821,39.28181941217027,2649,792,1.0628446588129552,45.87
Talmudical_Academy,-76.74619,39.369406,-76.73998861896187,39.36337907821162,2640,789,0.8563404399415264,46.03
Sugarcone,-76.685833,39.384722,-76.69204001410702,39.3901772092581,2642,788,0.8077738124012798,46.03
Frederick_Douglas,-76.654572,39.315484,-76.66547507179813,39.30922498557956,2643,791,1.1680076923087164,45.87
Hamilton_El_MS,-76.558236,39.358986,-76.56956052659919,39.36279310002041,2647,789,1.061647247479787,46.02
Lakeland_El_MS,-76.645314,39.254146,-76.6397070016642,39.25530949055644,2644,793,0.49981211401794634,45.87
Lansdowne_HS,-76.648472,39.245066,-76.6397070016642,39.25530949055644,2644,793,1.366384731444327,45.87
Robert_Poole_MS,-76.63752,39.33041,-76.64187314839697,39.336081260161464,2644,790,0.7333822240285366,45.87
Waters_Art_Gallery,-76.616667,39.3,-76.61682486786012,39.30905931027143,2645,791,1.0074409154482942,45.87
Patapsco_MS,-76.847241,39.303046,-76.83576786502934,39.309843575985845,2636,791,1.2432867518617454,45.879997
Catonsville,-76.7525,39.279,-76.76200626246472,39.28264651255186,2639,792,0.9131687609970316,45.879997
Fells_Point,-76.594372,39.282554,-76.59179992047736,39.28205465638775,2646,792,0.22823293316562798,45.87
Windsor_Corp_Park,-76.7545,39.3265,-76.76355901870785,39.33651148016282,2639,790,1.3588040946004778,45.879997
St_Timothys_Lane,-76.728612,39.272724,-76.73768945432728,39.28255827919896,2640,792,1.3439789707443608,45.87
Glendale_Park,-76.578817,39.3837,-76.57025443471339,39.38976417923751,2647,788,0.9980949564428272,46.02
Clifton_Park,-76.590533,39.314306,-76.59250054041034,39.30897831630742,2646,791,0.6161206140576644,45.87
LW-SCAN,-97.97884,34.96047,-97.98724509406512,34.96657517264058,1740,979,1.0234724419703258,47.879997
Evora,-7.9115,38.567833,-7.9000638152769875,38.57441086037547,4735,961,1.2342808999419972,81.57
Sao_Martinho_SONDA,-53.823444,-29.443333,-53.81849422602361,-29.444003929016176,3677,4213,0.48507244499181246,41.059998
Brasilia_SONDA,-47.71348,-15.60129,-47.71089751671306,-15.599760157024585,4078,3540,0.32470639800126533,36.04
Petrolina_SONDA,-40.320108,-9.0691,-40.31827413835253,-9.07692662820115,4436,3194,0.8932734123010626,41.26
Campo_Grande_SONDA,-54.538742,-20.438617,-54.54683136240553,-20.435490747455987,3729,3791,0.9117489929537169,33.04
Ellington_Field,-95.18,29.6,-95.18804673900938,29.59382526115775,1790,1202,1.0376506013215094,41.34
MVCO,-70.5667,41.325,-70.57876387998095,41.337751746442606,2887,718,1.7392993403553256,48.39
Egbert_X,-79.781414,44.231543,-79.76933173043385,44.231126176794234,2532,619,0.9637628845272761,51.539997
Mace_Head,-9.89944,53.32583,-9.899687257612873,53.2900639110846,4222,482,3.977041562775125,86.59
Blida,2.880556,36.508333,2.818083143085387,36.528043373814604,4872,1075,5.997608707294868,90.0
New_Hampshire_Univ,-70.92,43.1325,-70.92980944460356,43.119790810337506,2868,656,1.6220016487271376,50.28
Los_Alamos,-106.326067,35.873583,-106.32240760085176,35.86534115463722,1447,959,0.9739664174768252,53.71
Cabo_da_Roca,-9.497667,38.781722,-9.484398922967651,38.77772209844695,4711,948,1.2331221392190117,80.409996
Panama_BCI,-79.85,9.166667,-79.844918599411,9.174308170988319,2447,2209,1.016398822763365,12.53
Djougou,1.59901,9.76007,1.5921533150351672,9.789824078302036,5373,2239,3.3927467801211963,85.38
Rio_Piedras,-66.051483,18.40185,-66.05945922218787,18.405061836904256,3175,1725,0.9142019951514314,24.15
Ames,-93.774778,42.021361,-93.78371836984672,42.01041949475143,1992,707,1.4232824101699564,52.64
IER_Cinzana,-5.933867,13.278433,-5.943427630495235,13.281726227466255,5284,2061,1.0975551637738485,78.56
Granada,-3.605,37.164,-3.6038310610776043,37.15439506015698,4817,1029,1.0730324478942446,85.02
Saada,-8.15583,31.62583,-8.154567849327837,31.63643965131799,4922,1231,1.1857757834854505,79.57
Chebogue_Point,-66.123,43.747,-66.13139340160673,43.75410409604387,3047,637,1.0385187837004346,51.629997
Resolute_Bay,-94.969409,74.705123,-94.95175434326954,74.7098901734481,2461,34,0.7409922026150297,87.42
Santa_Cruz_Tenerife,-16.247361,28.472528,-16.250808886188647,28.4527027958641,4877,1340,2.230079313158589,71.369995
Moss_Landing,-121.788167,36.793133,-121.7818342462546,36.804513246610334,1004,962,1.3853663694533054,65.26
Cape_San_Juan,-65.6199,18.3845,-65.61072548389045,18.3893982755659,3198,1726,1.1107807525793276,24.34
Fresno_X,-119.773167,36.781733,-119.77516390029555,36.78410687156628,1055,957,0.31828070685863613,63.76
Sioux_Falls_X,-96.625983,43.736283,-96.63734309320282,43.7438389230263,1915,652,1.2404828197444508,55.42
Prospect_Hill,-64.765092,32.299314,-64.76555626614817,32.30439573575251,3174,1074,0.5667455041508696,39.51
COVE_SEAPRISM,-75.71,36.9,-75.7138306224565,36.89234726965072,2681,883,0.9165927266948761,43.17
Fort_McMurray,-111.476139,56.752306,-111.46195639484252,56.73544191142269,1775,316,2.0650155303079742,73.03
WSTF,-106.608889,32.506389,-106.6008997103126,32.51796917892316,1379,1096,1.4897224597718108,51.23
Monks_Wood,-0.235211,52.402178,-0.3256107464800767,52.42129299093962,4327,538,6.489493704669295,90.0
Tonopah_Airport,-117.09052,38.05044,-117.09973420538715,38.05254771192887,1157,901,0.840158148681109,62.42
Caceres,-6.343467,39.478583,-6.301000162073242,39.48945969217491,4724,933,3.8399583253426837,83.57
Praia,-23.484,14.947,-23.473272255903563,14.936878241408122,4946,1951,1.6109205458167681,60.73
Red_Mountain_Pass,-107.710917,37.907449,-107.71596244468303,37.90290559259339,1438,883,0.6717030675893777,56.07
Trelew,-65.308611,-43.249806,-65.31645312156576,-43.2366480901109,3081,4768,1.5950348946032087,50.21
CEILAP-RG,-69.31925,-51.600503,-69.30856941583228,-51.58409180472935,2894,5023,1.9683548325207003,58.53
Ji_Parana_SE,-61.851517,-10.93425,-61.85497399434281,-10.927389757610634,3416,3306,0.8510881683306424,19.73
La_Paz,-68.066467,-16.539,-68.07188225656405,-16.533407111544832,3076,3603,0.8485113565065557,20.6
USDA-BARC,-76.93218,39.03127,-76.9246569016566,39.04167462095247,2632,801,1.3269193302798237,45.579998
T2_MAX_MEX,-98.9088,20.010183,-98.91866328046089,20.010225943866885,1532,1657,1.0305490643017208,36.32
Tampico_MAX_MEX,-97.864167,22.278283,-97.85554477867052,22.27176388504799,1600,1545,1.1456851224826752,37.04
Tudor_Hill,-64.879,32.264,-64.88438276910136,32.25525388568546,3169,1076,1.0963508546710854,39.34
Veracruz_MAX_MEX,-96.186667,19.144444,-96.18644771442891,19.14360167628564,1650,1697,0.09645311441345807,33.35
Ras_El_Ain,-7.599444,31.670278,-7.582047459341892,31.65695742388948,4928,1232,2.214661731445414,80.22
Richland,-119.28,46.34,-119.29427589219122,46.34634750300016,1314,619,1.3034750210837638,69.13
Chapais,-74.9754,49.822433,-74.9850740050212,49.823005497297906,2712,447,0.6969067076312954,57.62
Smith_Island_CBF,-76.02385,37.969183,-76.03527132157748,37.98013246810278,2668,841,1.5762604062766246,44.35
Niamey,2.172222,13.481389,2.1432509709741807,13.459486067983883,5339,2066,3.9681403531857216,87.64
Univ_of_Houston,-95.3416,29.7177,-95.33411813347317,29.711687611629056,1785,1197,0.9843939455543046,41.54
Mount_Chacaltaya,-68.1315,-16.350139,-68.13674005115183,-16.35867197571264,3073,3594,1.1012944510813818,20.449999
Appledore_Island,-70.615361,42.987064,-70.60254040128214,42.97603913695556,2881,661,1.6095139383453467,50.149998
Thompson_Farm,-70.948344,43.108772,-70.95589579008252,43.11955072337797,2867,656,1.3461998488747826,50.28
White_Sands_HELSTF,-106.338072,32.634942,-106.34480627622952,32.62454755461646,1390,1091,1.316660301792519,51.14
Frenchman_Flat,-115.93479,36.80928,-115.93213219231333,36.794008773082865,1161,946,1.7144922491264536,60.91
SANTA_CRUZ_UTEPSA,-63.200961,-17.767325,-63.20039605528786,-17.76499420104536,3323,3664,0.26598770851805337,24.46
USDA-Howard,-76.8775,39.0542,-76.87620691991025,39.04148483875143,2634,801,1.4182641887390504,45.579998
Thule,-68.769001,76.516102,-68.81947389933153,76.55536090985773,2781,19,4.556784522858396,90.0
PEARL,-86.416944,80.053611,-86.37897417825431,79.97085380413799,2617,11,9.231268813556865,90.0
NASA_Ames,-122.056969,37.419986,-122.07656056797224,37.42625483990107,1012,939,1.8652318773109917,65.83
OK_St_Univ,-97.91734,35.04564,-97.90927639784819,35.037772685308546,1744,976,1.1420122522877036,47.809998
Burjassot,-0.4202,39.507,-0.3675274622947246,39.57066424059839,4767,951,8.397372041763873,88.869995
Dilar,-3.385925,37.062981,-3.3806726059640786,37.042511473602744,4822,1034,2.3233434348816915,85.2
La_Laguna,-16.321111,28.481944,-16.30925446475758,28.495149025419703,4875,1338,1.8704789743154338,71.369995
Mount_Gibbes,-82.285712,35.735207,-82.28638734331014,35.72766167626439,2396,931,0.8412133522301667,42.52
Calipso_Strasburg,-76.2193,39.934467,-76.21583640802442,39.93148624223651,2662,768,0.4439247856291984,46.62
Calipso_Prt_Deposit,-76.116367,39.604,-76.11152387393082,39.604804389569026,2666,780,0.4244501774655749,46.16
Calipso_Price,-75.959017,39.097367,-75.95686714483256,39.09237487501196,2672,799,0.5852829580062846,45.7
Calipso_West_Denton,-75.894331,38.914961,-75.90566274975102,38.90503654260664,2674,806,1.47619455699843,45.39
Calipso_Brookview,-75.794308,38.576022,-75.80491338423388,38.58561807706638,2678,818,1.410106601052709,45.09
Calipso_Mardela_Spr,-75.74795,38.469083,-75.75557757830536,38.47960668623992,2680,822,1.3454455104057428,44.94
Calipso_Princess_An,-75.68489,38.21322,-75.68076246265329,38.21569873784013,2683,832,0.4538776321203117,44.64
Calipso_Ninetown_Rd,-75.91,38.964983,-75.90644414119947,38.958458060000595,2674,804,0.7879916255335548,45.539997
Calipso_Poplar_Tree,-77.414233,38.8634,-77.42619183289173,38.85687462253803,2611,808,1.264378727635164,45.46
Calipso_Sterling_PO,-77.457567,39.0012,-77.4556496198906,38.9905518875133,2610,803,1.1955544342338553,45.61
Calipso_Ashburn,-77.476167,39.0659,-77.48310006709272,39.070994233667236,2609,800,0.824085949612756,45.61
Calipso_Peckman_Frm,-77.750033,39.938633,-77.74019061851777,39.937838614101636,2600,768,0.8437707476364483,46.7
Calipso_Zion,-76.199,39.932389,-76.1912676612929,39.9314239331708,2663,768,0.6679750345854188,46.62
Calipso_Perryville,-76.072656,39.560672,-76.06170614379923,39.550515187872236,2668,782,1.4685950685103186,46.16
Calipso_Kennedyvill,-75.991983,39.3055,-75.98453666789742,39.30735269757987,2671,791,0.6729834544230449,45.85
Calipso_Pine_Cove,-75.969347,39.238669,-75.9589585031056,39.22658770409122,2672,794,1.6140823067158092,45.85
Calipso_Bowers_Rd,-75.955397,39.193347,-75.95853862730549,39.19971385446905,2672,795,0.7579599054061269,45.7
Calipso_Ridgely,-75.8815,38.94863,-75.8822688080153,38.95841357631344,2675,804,1.0899134312776226,45.539997
Calipso_WofDenton,-75.862416,38.89885,-75.85735405313676,38.90494904592027,2676,806,0.8073441158566889,45.39
Calipso_WillistonLk,-75.8463,38.82893,-75.85624975469715,38.824931966719184,2676,809,0.9698006314444985,45.39
Calipso_Harrison_Rd,-75.771,38.63195,-75.78154536570379,38.63863631736865,2679,816,1.1797201241529014,45.09
Calipso_NUFerry_Rd,-75.69076,38.34557,-75.68218021103145,38.34741674530795,2683,827,0.7758867904746258,44.789997
Calipso_Belmont_Scl,-77.489763,39.089278,-77.4841809702516,39.09779836266068,2609,799,1.0628600643279222,45.76
Calipso_Fincastle,-77.47535,39.050183,-77.48202122669724,39.04420563498422,2609,801,0.8795809949496577,45.61
Calipso_Braddock_Rd,-77.408287,38.82703,-77.40099424818725,38.83008998301175,2612,809,0.7175302898060234,45.46
Calipso_Kinchaloe,-77.390121,38.755423,-77.39791191680766,38.75018638991143,2612,812,0.8918993800818336,45.309998
Calipso_W_Strasburg,-76.231117,39.94655,-76.2409713894753,39.95886076704478,2661,767,1.6060636195522116,46.62
Calipso_Church_Hill,-75.981717,39.147466,-75.98195109664405,39.146061758449555,2671,797,0.15744410349004356,45.7
Calipso_Tuckahoe,-75.932939,38.979173,-75.93102202288482,38.98523763069935,2673,803,0.6944145826818997,45.539997
Calipso_Washtn_High,-75.686733,38.18005,-75.68048048724677,38.18939880717541,2683,833,1.1744289828858743,44.64
Calipso_W_Mardela,-75.774633,38.460833,-75.77923921980809,38.45319745840174,2679,823,0.9390018551594871,44.94
Calipso_Cooper_Rd,-75.731586,38.325469,-75.72975253062052,38.32111232540554,2681,828,0.5101607252632768,44.789997
Calipso_Loudon_Rd,-77.788517,39.938933,-77.78941028849484,39.93812525473619,2598,768,0.11775957735965557,46.71
Calipso_Sanders_ES,-77.510017,39.038485,-77.50626316751578,39.044330237841145,2608,801,0.726327954725526,45.62
Calipso_Westfield_H,-77.464783,38.887517,-77.47559117342861,38.88379836202907,2609,807,1.022801603324721,45.46
Calipso_Ormand_MS,-77.45463,38.855649,-77.45035883740567,38.85699549523468,2610,808,0.3989967144005546,45.46
Calipso_Flat_Iron,-75.998673,39.110825,-76.00576259642256,39.119284510836806,2670,798,1.1220268565831792,45.7
Calipso_White_Marsh,-75.988634,39.075915,-75.98066941353436,39.06562745860839,2671,800,1.3346567565672613,45.539997
Calipso_Crouse_Mill,-75.95163,38.958531,-75.95479566659672,38.95855063599347,2672,804,0.2737290234751981,45.539997
Calipso_Hillsboro,-75.939151,38.915783,-75.92981751875831,38.90508208970397,2673,806,1.4380542552466524,45.39
Calipso_Hurlock,-75.84624,38.61916,-75.85333537477705,38.61222051766377,2676,817,0.9876463240038464,45.09
Calipso_Vienna,-75.816541,38.493536,-75.82789445545151,38.506184091063595,2677,821,1.7187555990161472,44.94
Yaqui,-109.912,27.280833,-109.92404438684746,27.28023595371387,1174,1331,1.1921611473965397,50.35
Calipso_Signal_Hill,-77.440433,38.752983,-77.44616218171417,38.75042547261875,2610,812,0.5724531463700178,45.309998
Ragged_Point,-59.432035,13.165018,-59.43389650145115,13.157034239112688,3533,2000,0.9103461685728537,23.96
Calipso_Morgnec_Rd,-76.03074,39.23567,-76.03180441509255,39.22673787934767,2669,794,0.9974288625183044,45.85
Calipso_Church_H_Rd,-75.999167,39.132667,-76.00576259642256,39.119284510836806,2670,798,1.593119626830001,45.7
Calipso_Dean_Rd,-75.9575,39.00275,-75.9556218904776,39.0120339614869,2672,802,1.0450065035788507,45.539997
Calipso_Hillsboro_E,-75.932533,38.9169,-75.92981751875831,38.90508208970397,2673,806,1.3349305351025915,45.39
Autilla,-4.603056,41.997222,-4.544459320749445,42.02373787141505,4661,849,5.668438813308934,85.93
Suffield,-111.130771,50.28155,-111.12729845735831,50.27165843933195,1615,480,1.1272335730933603,67.59
Kirtland_AFB,-106.507403,34.95081,-106.51369284379898,34.948355240501684,1424,996,0.6349331373807215,52.989998
Marambio,-56.625244,-64.239996,-56.60783441823476,-64.21043951926322,3104,5278,3.3926205459550616,72.64
Le_Fauga,1.2846,43.38423,1.2125482833608834,43.35138160574673,4655,824,6.87482467028774,90.0
Solar_Light,-75.152,40.1,-75.16007062770986,40.09405642781042,2705,762,0.952910001752149,46.75
Yellowknife,-114.40715,62.452433,-114.39746393147428,62.459563988097294,1880,206,0.9363745595250236,78.92
Iqaluit,-68.542997,63.747575,-68.5580808982579,63.75303274636589,2854,144,0.9584339425803605,72.92
Kangerlussuaq,-50.6214,66.9958,-50.60095518181969,66.98488381869082,3169,112,1.5043348976317534,78.369995
UAHuntsville,-86.64473,34.72533,-86.6466753799332,34.712698738201425,2203,975,1.415741662951776,42.67
Bushland,-102.09384,35.18678,-102.10057080695711,35.197804227926696,1587,977,1.3699550374659286,50.45
Bozeman,-111.045013,45.662204,-111.06568165162582,45.655730443763346,1504,619,1.7602221157411586,63.89
Valladolid_Sci,-4.7148,41.6562,-4.724481171890999,41.6615804655877,4671,861,1.0023900288486312,85.08
Cold_Lake,-110.283,54.417,-110.26983589300387,54.42993316037378,1741,368,1.6713415054121599,70.479996
Paposo,-70.450111,-25.007167,-70.44931095025271,-25.01067216057963,2936,4024,0.398006886259213,29.269999
Iquique,-70.18,-20.5352,-70.17225540374746,-20.544346436700515,2959,3807,1.2979483721414762,24.31
Camaguey,-77.8499,21.4223,-77.8545676351058,21.42384974607558,2566,1572,0.5129688047082167,25.66
El_Segundo,-118.3823,33.9125,-118.39685271521002,33.91286501322055,1027,1067,1.3435294007689844,60.98
Dayton,-84.109618,39.775977,-84.10512745363675,39.77150509666005,2342,777,0.6281243518309176,47.379997
Arcachon,-1.163222,44.663528,-1.2534250583984616,44.66920557136665,4598,771,7.16142682516137,90.0
Kitt-Peak_MP,-111.594675,31.958417,-111.59897505688119,31.94989148184962,1196,1131,1.031154420915263,54.579998
Malaga,-4.478153,36.715242,-4.472688377236896,36.731631877770276,4822,1042,1.886427957397679,83.83
Seysses,1.259722,43.503333,1.1610506247194319,43.40492086701193,4653,822,13.53453726403128,90.0
Oukaimeden,-7.864486,31.208793,-7.833055569078713,31.223386436826516,4936,1249,3.400996557457826,79.72
Regina,-104.713,50.205,-104.70688289267365,50.19286331808932,1782,468,1.418037521800593,64.57
Yellowknife_Aurora,-114.37625,62.4513,-114.39746393147428,62.459563988097294,1880,206,1.426298900643984,78.92
Graciosa,-28.029722,39.091111,-28.045188954129674,39.0924939778614,4366,876,1.3436650644917336,66.229996
Hand_Maricopa,-111.972298,33.069023,-111.96927944930384,33.07270406475404,1205,1085,0.4966416782686305,55.68
Jornex,-106.843,32.59,-106.8353609091901,32.60144915614773,1372,1093,1.4604415273349456,51.57
NEON-Table_Mountain,-105.237,40.125,-105.2442426021022,40.118912762001536,1562,795,0.9150909658709189,56.329998
LISCO,-73.341767,40.954517,-73.33782694036628,40.954694446120115,2778,731,0.3314647261007698,47.719997
UMBC,-76.709353,39.254628,-76.71262045257336,39.255562751239964,2641,793,0.29992145702558143,45.87
SAGRES,-8.873517,37.047706,-8.848229186691567,37.07256734964718,4768,1014,3.560512002290237,80.77
Univ_of_Lethbridge,-112.868967,49.681672,-112.86416145569862,49.68350942382989,1557,501,0.4015940392837374,68.09
Easton_Airport,-76.07257,38.80745,-76.07290832507528,38.798718979747704,2667,810,0.9712877177982225,45.25
Kelowna_UAS,-119.400111,49.941294,-119.37776406093332,49.934809382001966,1414,511,1.7543312008944096,71.659996
NCAR,-105.24277,40.03753,-105.25813413740181,40.03739448659757,1560,798,1.308089650723263,56.329998
Ittoqqortoormiit,-21.9512,70.4848,-21.990768627822554,70.4539509775539,3450,114,3.732321466199279,90.0
WaveCIS_Site_CSI_6,-90.483333,28.866667,-90.47761361144988,28.858946287455712,1990,1229,1.02334758815108,38.11
Goldstone,-116.791667,35.233333,-116.79055912020941,35.2477925453995,1102,1009,1.6109731222811774,60.579998
Huelva,-6.5687,37.0163,-6.5812331487304085,36.98779474970322,4795,1025,3.359361113616347,82.63
Sable_Island,-60.01,43.933,-60.00978998552606,43.92042590258756,3271,637,1.3982769974814142,53.23
LSU,-91.183883,30.406778,-91.17730854599205,30.413874987487183,1972,1161,1.0100738111775056,40.07
CalTech,-118.126167,34.13673,-118.11263971813514,34.140481200325354,1040,1057,1.3129878880638945,60.969997
Cayenne,-52.321944,4.940278,-52.31693584391667,4.9426341239858,3915,2443,0.6135587426068572,27.13
Yuma,-114.58278,32.644138,-114.56666519100183,32.647599475158906,1114,1109,1.5571248280658785,57.35
McClellan_AFB,-121.399444,38.667777,-121.3930632295704,38.67108445801244,1060,890,0.6649266767359313,65.96
Appalachian_State,-81.6938,36.2146,-81.6836902093806,36.22274812485773,2424,911,1.2819593904204138,42.95
DRAGON_CHASE,-77.080002,38.978612,-77.06822796986677,38.988748227952165,2626,803,1.5185612254935743,45.59
DRAGON_RCKMD,-77.09622,39.06556,-77.09516126005688,39.069162814821794,2625,800,0.41090967912172743,45.59
DRAGON_OLNES,-77.068267,39.149148,-77.07362954808215,39.14950883403762,2626,797,0.46416072856987506,45.739998
DRAGON_SPBRK,-77.0058,39.0581,-76.99820419631854,39.068753541843385,2629,800,1.3540302692043678,45.59
DRAGON_TKMPR,-76.997222,38.995278,-76.99560586998122,38.98844449486937,2629,803,0.7725816235847135,45.59
DRAGON_CLLGP,-76.9086,38.9911,-76.89878514179429,38.988056430039215,2633,803,0.9132914856446427,45.579998
DRAGON_LAREL,-76.855,39.0808,-76.85278733225425,39.068176040095224,2635,800,1.4166558446464819,45.579998
DRAGON_LAUMD,-76.8592,39.1428,-76.85521011684932,39.14862211802554,2635,797,0.733144094394203,45.73
DRAGON_BOWEM,-76.7506,38.9747,-76.75357178195263,38.98751056112115,2639,803,1.4474451370393935,45.579998
DRAGON_ARNCC,-76.7208,39.1589,-76.70962388351288,39.14808581885009,2641,797,1.5409886993619342,45.719997
DRAGON_ANNEA,-76.6247,39.1647,-76.61328183280803,39.17459786208888,2645,796,1.476551020936005,45.719997
DRAGON_CTNVL,-76.771944,39.275833,-76.76200626246472,39.28264651255186,2639,792,1.1426517785885875,45.879997
DRAGON_BLTIM,-76.651066,39.263145,-76.6397070016642,39.25530949055644,2644,793,1.3097902138066633,45.87
DRAGON_CLKSV,-76.9247,39.1911,-76.92969776447246,39.20261635257874,2632,795,1.3510424737587747,45.739998
DRAGON_ELLCT,-76.861603,39.2661,-76.85846222860054,39.256102367749776,2635,793,1.1440997631632055,45.879997
DRAGON_CLRST,-76.94445,39.20541,-76.9539872132884,39.20271395743423,2631,795,0.8747473423246869,45.739998
Zouerate-Fennec,-12.483333,22.75,-12.478054854648555,22.735597922431953,5057,1604,1.690437178520789,73.31
Steamboat_Springs,-106.81699,40.46376,-106.8308951060114,40.463316966645934,1517,786,1.1773922370190235,57.559998
NEON-Boulder,-105.26821,40.00787,-105.27321925840938,40.01086985823822,1559,799,0.5415557233073752,56.329998
Oujda,-1.89846,34.65331,-1.8878119718000794,34.62711236725701,4901,1132,3.071603431880276,85.89
Gainesville_Airport,-82.261,29.695833,-82.27117290503624,29.70334214412226,2371,1185,1.289437978302668,35.93
Ordway-Swisher,-81.988106,29.69797,-81.99119093758918,29.700195941188703,2384,1185,0.3873607071685564,35.84
Rio_de_Janeiro_UFRJ,-43.233806,-22.857306,-43.23969619772061,-22.861079752439075,4192,3893,0.7350648871418429,44.21
Bambey-ISRA,-16.476733,14.708567,-16.479499562448282,14.711267464093751,5108,1974,0.4227289399859215,68.049995
Bordj_Badji_Mokhtar,0.92,21.38,0.9089691621803014,21.340633959015502,5219,1701,4.523901033487525,87.36
San_Nicolas_Vandal,-119.536711,33.262214,-119.52901588936095,33.25343221098059,981,1097,1.2105735838989096,61.64
CASLEO,-69.295685,-31.798815,-69.30342148682655,-31.797751070680565,2972,4330,0.7406499648147203,37.07
Manaus_EMBRAPA,-59.969778,-2.890528,-59.97044854712533,-2.892030713681255,3530,2870,0.1829363664522569,17.8
USC_SEAPRISM,-118.11782,33.56371,-118.11883424294555,33.55082627245838,1027,1081,1.435684558331492,60.52
Tabernas_PSA-DLR,-2.35818,37.09076,-2.3343037582801123,37.13885326930447,4827,1034,5.751549660217404,86.29
Georgia_Tech,-84.399537,33.780202,-84.40653492611658,33.76881453078003,2294,1012,1.421864327947949,40.879997
DRAGON_Padonia,-76.631669,39.462036,-76.62112180084917,39.47093530358792,2645,785,1.3412537345269764,46.02
DRAGON_Essex,-76.474486,39.310943,-76.47088633824588,39.30859178001432,2651,791,0.40529645130758785,45.86
DRAGON_Edgewood,-76.296352,39.409834,-76.30294537932225,39.41594990147093,2658,787,0.8850509977120697,46.01
DRAGON_Aldino,-76.203932,39.563433,-76.20818481025435,39.55086225432068,2662,782,1.4445699905870912,46.16
DRAGON_FairHill,-75.860059,39.701435,-75.8687529189283,39.712847361535914,2676,776,1.4708729336376165,46.3
DRAGON_Beltsville,-76.877491,39.054091,-76.87620691991025,39.04148483875143,2634,801,1.4061203927512411,45.579998
DRAGON_PATUX,-76.70938,38.827168,-76.70077030480604,38.82714587002613,2641,809,0.7458222942894803,45.42
DRAGON_UMRLB,-76.814106,38.891262,-76.8230270661063,38.88091919631721,2636,807,1.3852333864259774,45.43
DRAGON_BLTNR,-76.6186,39.2156,-76.61469496517098,39.22833526484185,2645,794,1.4555031073678173,45.87
DRAGON_SHADY,-76.506108,38.840658,-76.50833856394823,38.85317029946959,2649,808,1.4046501436322916,45.41
DRAGON_ARNLS,-76.512926,39.058488,-76.5135601450975,39.066998329868674,2649,800,0.9478880536821889,45.57
DRAGON_WSTFD,-76.946248,39.301577,-76.95742292740826,39.31032232212106,2631,791,1.367512592590148,45.89
DRAGON_ABERD,-76.16523,39.515103,-76.15884031378152,39.52367634944007,2664,783,1.0996384732920992,46.16
DRAGON_MLRVL,-76.60693,39.065027,-76.61047175413549,39.06731057192745,2645,800,0.3974586841354858,45.57
DRAGON_BLLRT,-76.578242,39.389385,-76.57025443471339,39.38976417923751,2647,788,0.6877202279866409,46.02
DRAGON_BTMDL,-76.441601,39.238826,-76.44465953117871,39.22779661518063,2652,794,1.2543842985234421,45.86
DRAGON_CPSDN,-76.462915,39.110656,-76.46638287910575,39.120460541388816,2651,798,1.1305226058885613,45.71
DRAGON_BLDND,-76.519504,39.258315,-76.51819487951532,39.25491189603703,2649,793,0.39483843519704437,45.87
DRAGON_ONNGS,-76.81912,39.387756,-76.8138390800803,39.390621116639664,2637,788,0.5544885045763018,46.03
DRAGON_BLTCC,-76.688429,39.362201,-76.69129222394622,39.36320549042758,2642,789,0.270307354098748,46.03
DRAGON_MNKTN,-76.652318,39.572926,-76.64844740416207,39.57925604314136,2644,781,0.7781259396224491,46.18
DRAGON_FLLST,-76.413318,39.522366,-76.4028859527111,39.52432848566695,2654,783,0.9210019047786553,46.17
DRAGON_BATMR,-76.47555,39.398913,-76.47283502713543,39.38945597957528,2651,788,1.0771417950022304,46.02
DRAGON_EDCMS,-76.560012,38.922218,-76.55863729599837,38.933393016551314,2647,805,1.248282219750662,45.41
DRAGON_ANNAS,-76.489498,38.975248,-76.48739756354027,38.986622652631034,2650,803,1.2777681406798058,45.559998
Montsec,0.729689,42.051417,0.7270396535742955,42.01901922855907,4696,868,3.6091065214623272,90.0
Farmington_RSVP,-108.479991,36.797383,-108.46627702350516,36.803527036883125,1392,927,1.3991784264958258,55.78
DRAGON_WileyFord,-78.773648,39.610446,-78.77871888373332,39.618432056124185,2557,780,0.9885523299136244,46.329998
DRAGON_Bainbridge,-76.074122,39.606044,-76.06265541941275,39.60469333458678,2668,780,0.9937623734310712,46.16
DRAGON_PineyOrchard,-76.719202,39.060781,-76.70739147379747,39.06764220846395,2641,800,1.273500636328543,45.57
DRAGON_KentIsland,-76.307864,38.9793,-76.31804400582975,38.986133616636046,2657,803,1.162603217697756,45.559998
AZ_border_station,-114.7,32.487,-114.68879739296332,32.48676849067989,1107,1116,1.0510584866119814,57.21
DRAGON_BelAir,-76.263098,39.500014,-76.25589439420592,39.49687274617986,2660,784,0.7099563291043802,46.16
DRAGON_Pasadena,-76.45544,39.111638,-76.46638287910575,39.120460541388816,2651,798,1.361498016107448,45.71
DRAGON_Pylesville,-76.405349,39.67515,-76.40665865585171,39.68696846422862,2654,777,1.3189237522008848,46.32
DRAGON_EaglePoint,-76.27,39.397778,-76.2780182440124,39.38889882336281,2659,788,1.2039751492077144,46.01
DRAGON_Worton,-76.091633,39.285436,-76.08131882654438,39.28063975402405,2667,792,1.0356035597157995,45.85
Marbella_San_Pedro,-4.993439,36.486309,-4.998496049116391,36.50018296188941,4824,1049,1.6075844525643221,83.99
Edinburgh,-3.17915,55.923967,-3.2292207323631312,55.98497385982317,4174,434,7.4655111131142045,90.0
Key_Biscayne2,-80.16333,25.731966,-80.15687130467917,25.736739747071653,2459,1365,0.8368403927545762,30.97
Palma_de_Mallorca,2.6251,39.5533,2.551997829477137,39.49779203767753,4783,964,8.798176739917633,90.0
UMBC_temp,-76.709353,39.254628,-76.71262045257336,39.255562751239964,2641,793,0.29992145702558143,45.87
Grand_Forks,-97.32545,47.91175,-97.32675876295102,47.904607923074764,1957,521,0.8001315427822814,59.69
UNC-Bogota,-74.0808,4.636933,-74.08722519631311,4.6386785550621195,2762,2456,0.7380881817951714,5.87
NEON17-SJER,-119.722136,37.090419,-119.71064117807201,37.090605606768484,1064,945,1.019783342744144,63.78
Calhau,-24.867222,16.863889,-24.865300047942952,16.86181574468234,4886,1854,0.3081816110710609,59.84
Sandia_NM_PSEL,-106.540069,35.054583,-106.53621936043092,35.04910068716388,1425,992,0.703147113527267,53.129997
Fresno_2,-119.77302,36.78537,-119.77516390029555,36.78410687156628,1055,957,0.23702226379227118,63.76
Univ_of_Nevada-Reno,-119.814033,39.540867,-119.79231643192928,39.544446888689365,1122,853,1.9042247350378596,65.32
Coruna,-8.4208,43.363,-8.421358225095156,43.37053298478769,4581,789,0.8388442775315488,82.96
CEILAP-Bariloche,-71.163333,-41.146944,-71.17303605539637,-41.13555762897604,2864,4698,1.5044048349575687,47.1
UPRM_Lidar_Lab,-67.140125,18.210131,-67.14168859024026,18.218930282032332,3120,1734,0.9922757102268,23.529999
Ouarzazate,-6.912867,30.928367,-6.913072515258204,30.90656062298294,4954,1265,2.4248377491828403,80.759995
NEON_CVALLA,-105.16725,40.16063,-105.15148412356031,40.16840166404541,1566,793,1.5942351966352974,56.399998
Horsepool,-109.468,40.144,-109.47338862621487,40.13597225744879,1427,804,1.0033118699714962,59.0
Madrid,-3.72395,40.4519,-3.674458257963513,40.46700627120121,4717,907,4.51157617329114,85.64
U_of_Wisconsin_SSEC,-89.411354,43.072492,-89.4205856817673,43.07022687635106,2164,665,0.7910432944291701,52.17
ARM_Barnstable_MA,-70.290061,41.669589,-70.29777199955522,41.680219072433445,2897,706,1.3443605509884198,48.73
DRAGON_Garland,-119.77302,36.78537,-119.77516390029555,36.78410687156628,1055,957,0.23702226379227118,63.76
NEON_GrandJunction,-108.5355,39.1271,-108.52224080633417,39.12250129954357,1436,839,1.252868799472843,57.61
NEON_Ivanpah,-115.38178,35.550655,-115.37401065854566,35.55621171586652,1150,993,0.9358310744952674,59.76
Zaragoza,-0.88235,41.6334,-0.8632273425179758,41.654934615995785,4699,875,2.87379519800895,90.0
Las_Galletas,-16.6545,28.0152,-16.67186766976863,28.00823071292466,4879,1358,1.8728148626587982,70.95
Badajoz,-7.01082,38.882808,-7.041171681302846,38.84506641086728,4736,954,4.951540448448067,82.57
ARM_Highlands_MA,-70.049317,42.030478,-70.03840619502954,42.02541904511683,2906,694,1.0623622442888956,49.079998
Cerro_Poyos,-3.487261,37.108869,-3.515596644342963,37.109527738994146,4819,1031,2.513773656818937,85.2
Valladolid,-4.70583,41.6636,-4.724481171890999,41.6615804655877,4671,861,1.5655543114449608,85.08
Medellin,-75.577914,6.260672,-75.57117968433575,6.263265637537243,2680,2367,0.7982712419356204,7.7599998
NEON_HighParkFire,-105.335581,40.624173,-105.321449119444,40.62062688045527,1569,777,1.2562036347586032,56.8
NEON_HarvardForest,-72.189899,42.533074,-72.1847662919432,42.52574852486604,2821,676,0.916731229084056,49.53
Porto_Velho_UNIR,-63.939983,-8.837083,-63.9438060113634,-8.827961188591594,3311,3194,1.0978396086490947,16.35
Alboran,-3.35297,35.939625,-3.335151701497538,35.97049018543969,4853,1075,3.788301167422724,85.909996
Murcia,-1.1707,38.001,-1.12751292272366,38.02623691744315,4809,1005,4.710572899192056,90.0
DRAGON_Bakersfield,-119.000008,35.331506,-118.99190841941277,35.32354588704202,1042,1012,1.150374184077229,62.23
DRAGON_Shafter,-119.2725,35.50361,-119.28385673147689,35.495567317938,1038,1006,1.3626184828151688,62.559998
DRAGON_Clovis,-119.71639,36.81931,-119.71880373884126,36.80583361637254,1057,956,1.5138332165192279,63.6
DRAGON_Corcoran,-119.56583,36.10222,-119.58320834471313,36.10162718796459,1044,983,1.562699193882702,63.23
DRAGON_Drummond,-119.74139,36.70556,-119.74095739317686,36.704044595644696,1054,960,0.17286225954809542,63.76
DRAGON_Hanford,-119.64323,36.31572,-119.65545032243955,36.311688305095444,1047,975,1.183154969329889,63.399998
DRAGON_Madera_City,-120.034418,36.953162,-120.04976598050564,36.95986051440055,1052,951,1.553894163720768,63.93
DRAGON_Parlier,-119.50369,36.59744,-119.50506429934792,36.609361356174084,1058,963,1.3312588101252143,63.42
DRAGON_Tranquility,-120.38234,36.63434,-120.37761514006725,36.647663654837174,1036,964,1.5403321035604598,64.24
UH_Coastal_Center,-95.0425,29.3883,-95.04407643447841,29.385916944314218,1794,1211,0.3058505696841149,41.149998
SmithsonianAO,-110.967,31.667,-110.97198126284516,31.67854560090804,1212,1141,1.3676209758274125,53.829998
DRAGON_Porterville,-119.05505,36.03179,-119.04328541671535,36.03735443337358,1057,984,1.2255224634209678,62.75
DRAGON_Visalia,-119.39301,36.31411,-119.3987759927948,36.31874892333419,1054,974,0.730042784507987,63.239998
DRAGON_Huron,-120.10545,36.20615,-120.09998502667811,36.21584301050777,1033,980,1.1840940662095132,63.719997
DRAGON_Arvin,-118.78781,35.237959,-118.77034650546915,35.23251659341766,1046,1015,1.6976148721687023,62.23
Carbon_Merced,-120.575395,37.363031,-120.58245770270226,37.364458706306365,1048,937,0.6440568571876765,64.63
CENER,-1.602187,42.816424,-1.5772185010983066,42.82304130349848,4657,832,2.1653107320877845,90.0
SEARCH-Centreville2,-87.24968,32.90289,-87.25226918648461,32.911597629945675,2164,1050,0.9979583802945501,40.93
Outlying_Field,-87.37531,30.54997,-87.37778552929456,30.556310327792975,2142,1151,0.7437969992235587,38.54
Red_Lake,-114.051,35.684,-114.05233005432795,35.671655002641955,1192,985,1.377948139273614,58.84
Santa_Monica_Colg,-118.47113,34.01685,-118.47791022157392,34.01684495269939,1027,1063,0.6249094391966827,61.129997
DRAGON_Conroe,-95.425,30.350278,-95.42582626933097,30.352967915225967,1788,1169,0.3094345916741254,42.2
DRAGON_NW_Harris_CO,-95.673889,30.039444,-95.67585535108225,30.040924099228793,1774,1183,0.2508239798029541,42.05
DRAGON_Aldine,-95.326125,29.901037,-95.33270293527733,29.893405079504085,1787,1189,1.0593631400198895,41.78
DRAGON_West_Houston,-95.656944,29.833056,-95.64671320550232,29.835062008879635,1773,1192,1.011739589508991,41.8
DRAGON_UH_W_Liberty,-94.9781,30.0583,-94.97692795487407,30.0645613124246,1804,1181,0.7053039442313198,41.73
DRAGON_Clinton,-95.2575,29.733611,-95.26905372370622,29.73235834931106,1788,1196,1.124239691651891,41.579998
DRAGON_UH_Sugarland,-95.652,29.5741,-95.65391933442008,29.585668385432655,1770,1203,1.2996671072020893,41.64
DRAGON_Channel_View,-95.125556,29.8025,-95.12106759354003,29.795892630690815,1795,1193,0.8528563510198987,41.51
DRAGON_Deer_Park,-95.128485,29.670046,-95.1343265469786,29.6601474877037,1793,1199,1.2369427203356738,41.39
DRAGON_SeabrookPark,-95.015544,29.583047,-95.02353332298702,29.58878102016427,1797,1202,1.001672939445081,41.27
DRAGON_ManvelCroix,-95.392522,29.520427,-95.40086317463067,29.509859809959938,1780,1206,1.4255270881176572,41.489998
DRAGON_Galveston,-94.861289,29.254474,-94.87096164470174,29.245382599934572,1800,1217,1.3793379033786088,40.84
DRAGON_Smith_Point,-94.786969,29.546111,-94.7780490638873,29.536065735022454,1807,1204,1.4114776601549441,41.129997
SEARCH-Centreville,-87.24968,32.90289,-87.25226918648461,32.911597629945675,2164,1050,0.9979583802945501,40.93
SEARCH-Yorkville,-85.04555,33.92833,-85.04531490109304,33.92501178060854,2267,1006,0.3696062118711057,41.219997
SEARCH-OLF,-87.37531,30.54997,-87.37778552929456,30.556310327792975,2142,1151,0.7437969992235587,38.54
Dolly_Sods,-79.43,39.11,-79.42836977866499,39.111659054426624,2529,799,0.23198249881271982,45.94
Boyd_County_MS,-82.700033,38.427461,-82.6908384987216,38.4331868979756,2392,826,1.0231385273563227,45.6
IMPROVE-MammothCave,-86.1479,37.1318,-86.15417153056104,37.141386435491135,2241,878,1.2022238621334143,45.059998
St_Louis_University,-90.231552,38.636342,-90.22187880127487,38.63311759579107,2089,825,0.9135059832476343,47.82
Mingo,-90.1432,36.9717,-90.1403614481295,36.95971984602018,2076,889,1.3557934491332373,46.2
Upper_Buffalo,-93.203,35.8258,-93.19086135913253,35.83607689952459,1941,937,1.5822040198634748,46.26
Cape_Romain,-79.6572,32.941,-79.66761131095595,32.94300794539964,2501,1044,0.9968792391715715,39.03
EPA-Res_Triangle_Pk,-78.87,35.88,-78.86670531980555,35.89217148460021,2544,923,1.3855717113119532,42.23
Barbados_SALTRACE,-59.624839,13.148513,-59.63100149440059,13.154906171705674,3523,2000,0.9749895974644798,23.789999
Itajuba,-45.452389,-22.41325,-45.44102703134395,-22.40872887860004,4109,3875,1.271571400660532,41.93
Caldwell_Parish_HS,-92.096277,32.060303,-92.1043165013394,32.06234526773196,1947,1091,0.790909338980326,42.03
SP_Bayboro,-82.633,27.76155,-82.64160486419283,27.7714642893551,2346,1272,1.390011287686365,33.8
Leland_HS,-90.89285,33.402128,-90.89997095384432,33.40716461137518,2011,1033,0.8663623833034114,42.85
ASPET,0.795,43.025,0.7487156188754337,42.9792201448476,4665,835,6.330845671316084,90.0
Narsarsuaq,-45.419379,61.155952,-45.40929260616985,61.13075270792711,3394,212,2.85383616410946,74.01
Exeter_MO,-3.475167,50.728519,-3.3950465347935617,50.70798013779259,4372,576,6.085395673421219,90.0
Tallahassee,-84.29935,30.445833,-84.29857768213147,30.456893138502846,2281,1153,1.2320575108755651,37.27
ORS_Hermosillo,-111.145556,29.0275,-111.15754649175568,29.023848165968225,1159,1256,1.2345187860922966,52.449997
CEILAP-Comodoro,-67.462875,-45.792153,-67.46189129508916,-45.78508115569103,2986,4853,0.790043688232316,52.57
Fort_McKay,-111.64,57.1835,-111.62007695257263,57.1946983996742,1784,306,1.72961025573157,73.439995
White_Salmon,-121.5125,45.76666,-121.49523384298593,45.762009702676934,1248,644,1.435702002497521,70.08
NEON_Sterling,-103.029297,40.461903,-103.04043916107497,40.460800324579026,1642,778,0.95058959351408,55.489998
DRAGON_Galveston_DP,-94.861289,29.254474,-94.87096164470174,29.245382599934572,1800,1217,1.3793379033786088,40.84
Calipso_Carthage,-94.06627,32.06434,-94.06495778514306,32.074105283185155,1864,1093,1.0928671393430331,43.04
Calipso_Sabine_Frst,-93.867433,31.6073,-93.87512547582382,31.599411933069053,1867,1113,1.1401994873052381,42.53
Baskin,-91.73866,32.28222,-91.73351935728716,32.287370082529904,1965,1081,0.7493115186829019,42.05
ARM_Graciosa,-28.02917,39.09109,-28.045188954129674,39.0924939778614,4366,876,1.3912619727004032,66.229996
Cat_Spring,-96.325617,29.82905,-96.33063083701123,29.834321208128298,1744,1193,0.7599048736952172,42.25
NW_Chapel_Hill,-79.0934,35.9712,-79.10273280017077,35.969336159579285,2534,920,0.865074581965932,42.26
James_Res_Center,-76.659176,35.872594,-76.64879366186183,35.88055783544867,2640,923,1.2881093875614396,42.05
NEON-CASTNET,-105.542538,40.278572,-105.5467304025895,40.2744833999295,1555,790,0.5772205824661697,56.59
NEON-CPER,-104.744238,40.812444,-104.72905476543247,40.807912623316426,1592,769,1.373590306333545,56.75
NEON-HQ,-105.245625,40.016681,-105.2419388582783,40.00902475624904,1560,799,0.9073711872603702,56.329998
NEON-RailroadValley,-115.691,38.497,-115.68549613160528,38.50777411163467,1207,880,1.2902143735539682,61.68
NEON-SoaprootSaddle,-119.281139,37.037434,-119.27967343378381,37.03281595687005,1074,946,0.5297247078111014,63.46
CEILAP-Neuquen,-68.13666,-38.95222,-68.12473510397503,-38.95269331691087,2995,4617,1.0325204823568597,45.12
ARM_Manacapuru,-60.598056,-3.212972,-60.59244531163223,-3.2193996792952357,3497,2888,0.9480683083319947,17.22
Santiago_Beauchef,-70.661666,-33.457222,-70.65815640133437,-33.466190052509546,2906,4401,1.0490023288920467,38.71
DRAGON_Chatfield_Pk,-105.070365,39.5345,-105.06490232342715,39.53509504577888,1557,816,0.4731165070675009,55.78
DRAGON_DenverLaCasa,-105.00518,39.77949,-105.02053693406259,39.777338238456196,1563,807,1.3339757308032114,55.91
DRAGON_Fort_Collins,-105.14141,40.592795,-105.14673488521191,40.58242788007732,1574,778,1.2373619654382073,56.699997
DRAGON_NREL-Golden,-105.17799,39.743725,-105.17519269923793,39.73184732400548,1557,809,1.3422211478550683,56.1
DRAGON_Platteville,-104.7261,40.182765,-104.73071956574714,40.17120700545216,1580,792,1.3437820059438441,56.11
DRAGON_Boulder,-105.261325,39.991859,-105.25703718848024,39.98251642433592,1559,800,1.101204413020929,56.17
DRAGON_Niwot_Ridge,-105.533313,40.031795,-105.52408957311278,40.02572861243656,1551,799,1.0352544120961342,56.53
DRAGON_Welch,-105.13951,39.63878,-105.12771123533416,39.64740999103044,1557,812,1.3933663034819512,55.94
DRAGON_Weld_Co_Twr,-104.737445,40.38636,-104.73454447494201,40.391939291237335,1584,784,0.6672541556733117,56.34
DRAGON_Aurora_East,-104.56913,39.63854,-104.55677302741256,39.64160732084034,1576,811,1.1117101524435622,55.559998
DRAGON_Squaw_Mtn,-105.493284,39.67969,-105.50112552387328,39.66928684079136,1545,812,1.3373607421933429,56.14
Maggie_Valley,-83.09473,35.519816,-83.10041501433061,35.514550782551936,2360,940,0.7794290438241416,42.42
Sigma_Space_Corp,-76.836472,38.953,-76.8253864322731,38.961040292571205,2636,804,1.310763607163317,45.579998
DRAGON_Rocky_Flats,-105.188575,39.912795,-105.19357589646934,39.924034062742145,1560,802,1.320495143447339,56.17
Easton-MDE,-76.08425,38.794972,-76.07290832507528,38.798718979747704,2667,810,1.0675561767487143,45.25
NEON_Bartlett,-71.287203,44.063881,-71.2807588620811,44.069734667442454,2852,624,0.8299129269173271,51.25
NEON_Harvard,-72.172661,42.5369,-72.1847662919432,42.52574852486604,2821,676,1.58791046048145,49.53
NEON-Disney,-81.4362,28.125039,-81.44588651270439,28.132942748658817,2404,1255,1.2940827208268897,33.96
NEON_OSBS,-81.993431,29.689269,-81.99119093758918,29.700195941188703,2384,1185,1.234136129805803,35.84
USGS_Flagstaff_ROLO,-111.63442,35.21484,-111.62970274001009,35.217113061738296,1258,997,0.4975219342894978,56.73
UdeConcepcion-CEFOP,-73.02531,-36.84278,-73.02325780338023,-36.844485051109835,2796,4538,0.2632390338756777,42.23
NEON_RMNP,-105.545972,40.2759,-105.5467304025895,40.2744833999295,1555,790,0.17015218833757792,56.59
NEON_SCBI,-78.1395,38.892919,-78.12872052471153,38.88755456708123,2582,807,1.1073401307695196,45.52
NEON_UNDE,-89.53725,46.233881,-89.55008966983522,46.22407756921133,2192,562,1.4709738002296155,55.6
NEON_OAES,-99.05879,35.41059,-99.05195852544486,35.40919776863026,1705,963,0.6381771776506645,48.84
Efri-Vik_Iceland,-17.965089,63.774942,-17.89861771955704,63.77929184235509,3743,223,3.301558754454787,86.79
NEON_TALL,-87.393269,32.950461,-87.39411694188088,32.93842995182126,2158,1049,1.3401294604722793,41.01
Huancayo-IGP,-75.3209,-12.0402,-75.32354980693752,-12.036562377637019,2694,3368,0.496636153695304,13.87
NEON_ORNL,-84.282588,35.964128,-84.280020500536,35.9595671698047,2312,923,0.5573062756511189,43.28
TWRS,-114.84991,45.103582,-114.8595145094752,45.090282891731796,1389,647,1.6598744209055354,65.75
Taylor_Ranch_TWRS,-114.84995,45.1035,-114.8595145094752,45.090282891731796,1389,647,1.650325912156728,65.75
NEON_ONAQ,-112.452439,40.177589,-112.45279743990999,40.173737827751935,1338,810,0.42931228229319623,60.67
Wallops_ACHIEVE,-75.471,37.933486,-75.46367105203115,37.926946687413356,2692,843,0.9705224123738704,44.34
UNC-Gaitan,-72.3518,4.31068,-72.35214907455368,4.3115954432509875,2858,2474,0.10890297420904421,6.14
NEON_KONZ,-96.56309,39.10077,-96.56215105237807,39.105737471657115,1851,816,0.5582680923337333,50.93
NEON_WOOD,-99.241356,47.128228,-99.23169711065411,47.120034910916765,1884,548,1.1679080379877071,59.5
NEON_MOAB,-109.388269,38.248331,-109.37421784363511,38.24183389369194,1391,874,1.4239529845421919,57.48
Camborne_MO,-5.32656,50.21782,-5.310339668340252,50.20453304582204,4376,584,1.87486330395743,87.45
Pagosa_Springs,-107.050258,37.270278,-107.04742870643238,37.26308672069939,1448,906,0.837913436044199,55.09
NEON_MLBS,-80.524836,37.378306,-80.51805986485188,37.384894739551264,2478,865,0.9461574989310619,44.04
USC_SEAPRISM_2,-118.11782,33.56371,-118.11883424294555,33.55082627245838,1027,1081,1.435684558331492,60.52
Santa_Rosa,-85.615917,10.8415,-85.60814017803952,10.834975000757119,2140,2121,1.117031320590623,18.109999
Cachoeira_Paulista,-45.006,-22.689,-45.01541115771064,-22.694292210020876,4123,3888,1.1306749060703951,42.53
Aras_de_los_Olmos,-1.1016,39.945,-1.1405534062075982,39.9097619120917,4752,936,5.136729375328969,87.83
Paracou,-52.925833,5.266944,-52.91641328347338,5.271678791421346,3885,2425,1.1683457061687779,26.55
NEON_SERC,-76.560017,38.890117,-76.55729519473508,38.87999712170498,2647,807,1.1496754637149527,45.41
NEON_UKFS,-95.19215,39.040431,-95.18134859197247,39.048481130911775,1902,816,1.2928284862661104,50.27
NEON_LENO,-88.161219,31.853881,-88.16893061164461,31.845870736979883,2116,1096,1.1506036880783774,40.059998
Amazon_ATTO_Tower,-58.999867,-2.144117,-59.00636618097192,-2.145006813941312,3581,2829,0.7289162316262969,18.89
Koforidua_ANUC,-0.302058,6.109408,-0.27331468627137073,6.092355997086673,5389,2415,3.700664965226798,84.02
Watnall_MO,-1.250958,53.005652,-1.266910645316383,53.02997757783281,4299,518,2.907759178945963,90.0
Natal,-35.1995,-5.8415,-35.190295922392494,-5.836596068155331,4649,3020,1.1549658247198196,46.379997
ORS_UNAM_ISNP,-99.203683,19.399467,-99.20012670868743,19.392139224230455,1514,1688,0.8961283698225667,36.09
NEON_GUAN,-66.8687,17.96955,-66.86422160827522,17.96564226229274,3135,1747,0.6427979673971932,23.34
Bakersfield,-119.000008,35.331506,-118.99190841941277,35.32354588704202,1042,1012,1.150374184077229,62.23
Lake_Erie,-83.1936,41.8256,-83.19550904064096,41.81499876105499,2390,703,1.189371638053545,49.469997
EastMalling_MO,0.44,51.29,0.4089582304468369,51.34110997228913,4371,571,6.078884446998377,90.0
KITcube_Save,2.427925,8.000928,2.4449697328158213,7.948693138902916,5390,2328,6.103995419140862,86.97
NASA_KSC,-80.663476,28.463763,-80.66539330467725,28.457383145672157,2442,1240,0.7337496367699824,34.16
Rhyl_MO,-3.50859,53.25929,-3.4615993566620085,53.30802556317749,4275,503,6.255049683934521,90.0
Modesto,-120.99422,37.64217,-120.99702922870742,37.631915581148874,1044,928,1.1667628824829213,65.159996
St_Helena,-5.6673,-15.9424,-5.683339939142965,-15.940019093471864,5254,3488,1.735285671936857,78.229996
Santiago_Beauchef_2,-70.661666,-33.457222,-70.65815640133437,-33.466190052509546,2906,4401,1.0490023288920467,38.71
ARM_DACCIWA_Save,2.427925,8.000928,2.4449697328158213,7.948693138902916,5390,2328,6.103995419140862,86.97
Albergue_UGR,-3.386989,37.095598,-3.425997796861591,37.06481165649273,4821,1033,4.8676337733282296,85.2
ARM_Ascension_Is,-14.349806,-7.966964,-14.357243897509058,-7.970387858966872,5211,3113,0.9032280042883488,68.9
Stornoway_MO,-6.182147,58.21156,-6.1807941229775025,58.204729299041176,4067,371,0.7636629081309079,90.0
Mount_Wilson,-118.0559,34.2247,-118.04425408841249,34.23479223406139,1044,1053,1.5510205434434265,60.969997
SP-EACH,-46.49967,-23.48163,-46.4995284356034,-23.483220398185043,4053,3928,0.1774325743545893,41.77
Portglenone_MO,-6.457,54.865,-6.490509937634345,54.85785240852079,4194,452,2.287132282886239,90.0
UACJ_UNAM_ORS,-106.431667,31.743333,-106.44266050517244,31.7511265379459,1372,1128,1.353366694933953,50.66
Paranal_CTA,-70.324794,-24.701105,-70.32105327556363,-24.694996012146767,2943,4009,0.7773293025722674,28.93
UPC-GEAB-Valledupar,-73.3293,9.5596,-73.32454051748412,9.557914295965062,2803,2188,0.5545228819591894,11.679999
Crucero,-69.5662,-22.2745,-69.5676210223549,-22.271535797976156,2986,3892,0.36058222514876953,26.43
Glasgow_MO,-4.53122,55.9068,-4.445986671931599,55.9070245168458,4169,432,5.312575224833233,90.0
Oxford,-1.256,51.759,-1.1869828274759704,51.8155746164779,4345,552,7.881017700432928,90.0
Mesa_Lakes,-108.0981,39.052,-108.09735825858205,39.042160276770666,1448,841,1.0960007101454352,57.12
Nouragues,-52.680056,4.087639,-52.67857504143235,4.091682775047312,3899,2489,0.47870932988614656,26.55
DigitalGlobe_Cal,-105.13722,40.13889,-105.13524650973179,40.13995342459436,1566,794,0.20524478982110606,56.399998
Cork_UCC,-8.493762,51.89241,-8.490641575248194,51.88934114971616,4287,525,0.40286594264888187,86.52
Temuco-UFRO_CEFOP,-72.615525,-38.745803,-72.62620560339991,-38.750075537549904,2810,4611,1.0409735798457678,44.43
LAMTO-STATION,-5.026617,6.223517,-5.000803613294351,6.220901324904468,5352,2405,2.868193625197507,78.659996
NEON_NIWO,-105.582369,40.05425,-105.57196551651793,40.05600329018822,1550,798,0.9066640666735494,56.53
NEON_GRSM,-83.50195,35.688961,-83.49533515292728,35.695549242568404,2344,933,0.9452672172228915,42.79
NEON_CLBJ,-97.57,33.40123,-97.5691165101467,33.41083056973269,1736,1042,1.070680049176945,46.2
NEON_SRER,-110.835489,31.910681,-110.82851702878042,31.90740718054859,1221,1131,0.7520727274206881,53.96
SDSU_IPLab,-96.786075,44.314828,-96.77423662058766,44.321772901000976,1919,633,1.2179401351496206,56.059998
Los_Leones_Auger,-69.449759,-35.495807,-69.4494708640825,-35.50688583422331,2953,4484,1.2321862575871636,41.2
UNC-Palmira,-76.30761,3.512295,-76.3083012502792,3.510554706124124,2639,2518,0.2081650184308109,4.7999997
Edmonton,-113.636,53.549,-113.61150853391914,53.5434813804743,1642,398,1.730578003015749,71.26
NEON_SJER,-119.73228,37.10878,-119.73606366864085,37.11850576656488,1064,944,1.1323025369566084,63.96
NEON_NOGP,-100.91535,46.769719,-100.92034304265077,46.76483725326456,1825,562,0.6627833293849741,60.03
Rexburg_Idaho,-111.78301,43.82011,-111.77614542169201,43.81810061209714,1441,681,0.5943449374923273,63.02
Pilar_Cordoba,-63.882597,-31.667411,-63.88848109168789,-31.664126029849093,3217,4321,0.6659830188302954,38.309998
Tucuman,-65.206697,-26.787153,-65.21501877430936,-26.795544826220567,3183,4105,1.246201121613094,32.68
LMOS_Zion_Site,-87.810047,42.467573,-87.81631967281182,42.46762271679355,2218,684,0.5145392233316083,51.09
Hampton_University,-76.3365,37.0204,-76.32505206588878,37.02174688500755,2655,878,1.0273184318988322,43.329998
SDU1,-67.601385,-20.072877,-67.60548200306276,-20.08012096338821,3091,3783,0.9120864311407305,24.619999
SDU2,-67.586208,-19.982874,-67.59145111792826,-19.98020877919156,3092,3778,0.6229261027756466,24.51
SDU3,-67.510582,-20.10209,-67.50600749742075,-20.100934471594268,3096,3784,0.4946556317717474,24.66
SDU4,-67.679061,-20.122675,-67.6818876191508,-20.119552412992455,3087,3785,0.4556932499027674,24.689999
SDU5,-66.982737,-20.279479,-66.98292306633785,-20.285672920249848,3122,3793,0.689005870550123,25.08
SDU6,-67.57286,-20.153516,-67.58128402148014,-20.16040434342371,3092,3787,1.1661523478364533,24.73
CBBT,-76.0766,37.03665,-76.06743357631079,37.046819414587596,2666,877,1.3930456428986788,43.32
NEON_TEAK,-119.006019,37.005831,-118.99855408356775,37.012207236084016,1081,946,0.9705883137869068,63.3
San_Cristobal_USFQ,-89.60879,-0.8954,-89.60917131761566,-0.9023540341264911,1914,2761,0.7744146535320198,17.3
Quito_USFQ,-78.435589,-0.196244,-78.432756601465,-0.1903628152334068,2521,2722,0.7258459056231702,4.15
Spoon_Butte,-104.44255,42.5962,-104.4461493443095,42.58215046279449,1635,706,1.5897826435287006,57.949997
PNNL,-119.2788,46.34095,-119.29427589219122,46.34634750300016,1314,619,1.3309531234313103,69.13
Brest_MF,-4.411855,48.444565,-4.449655873729159,48.463005546983965,4445,639,3.4606121377510894,87.759995
El_Alto-Altiplano,-68.198583,-16.509972,-68.20677548283271,-16.51320245598991,3069,3602,0.9443799610096674,20.52
NEON_WREF,-121.951912,45.820488,-121.95616598148047,45.83588100707814,1240,643,1.7430715663646072,70.7
ARM_SGP,-97.485619,36.605175,-97.4775207158069,36.605433153274134,1782,913,0.7234476078958333,49.11
Railroad_Valley3,-115.6895,38.4967,-115.68549613160528,38.50777411163467,1207,880,1.2797270947056445,61.68
Tucson3,-110.955,32.2297,-110.94074144297153,32.22256329709313,1223,1118,1.5584159231454549,54.239998
Barcelona3,2.11206,41.38925,2.028609138043945,41.29422709225659,4725,898,12.656117836012896,90.0
GSFC3,-76.8494,38.99596,-76.8503783852416,38.98786964406552,2635,803,0.9035716471689709,45.579998
Banizoumbou3,2.66519,13.54693,2.6364958261886544,13.519686923666518,5340,2064,4.335822356951593,88.369995
Denver_LaCasa,-105.00518,39.77949,-105.02053693406259,39.777338238456196,1563,807,1.3339757308032114,55.91
UH_W_Liberty,-94.978235,30.057434,-94.97692795487407,30.0645613124246,1804,1181,0.8024413416103972,41.73
South_Greenbay,-87.9512,44.59633,-87.95862160916246,44.581825158479425,2232,613,1.7166047461819376,53.489998
Lake_Okeechobee,-80.7892,26.9017,-80.77913141077198,26.902737658371702,2432,1311,1.0050605239492099,32.46
Kluane_Lake,-138.41,61.027,-138.5008271284343,61.08766441314735,1513,292,8.330091313855585,90.0
Granite_Island,-87.412,46.7208,-87.41769786500232,46.73304487473277,2271,544,1.4291548353953616,55.5
Hart_Miller_Island,-76.3628,39.2419,-76.372396131248,39.2544752058402,2655,793,1.6242111446247962,45.86
Majadas,-5.775914,39.955031,-5.749357975002982,39.95672461226674,4715,918,2.2713305163268043,84.08
Point_Mugu_Alpha,-119.118019,34.098159,-119.12653688972146,34.109976077897294,1011,1061,1.5302456708035932,61.76
HBOI,-80.3569,27.5343,-80.35757300157576,27.530588621434458,2454,1282,0.4179876535385546,32.96
PSDA_Chile,-69.929028,-24.090306,-69.92380647375727,-24.089139813989405,2964,3980,0.545672442821204,28.3
Yale_Coastal,-72.7312,41.2583,-72.72531057625719,41.26578041676897,2802,720,0.9665374596426666,48.059998
Punta_Arenas_UMAG,-70.8845,-53.1354,-70.86912335285515,-53.1476007951117,2839,5064,1.7007121605073305,60.03
Reykjavik,-21.9037,64.1278,-21.89938438846632,64.13235553787476,3685,207,0.5481213133494025,84.58
Pinehurst_Idaho,-116.236917,47.536739,-116.23026059332409,47.55210453891239,1419,573,1.7801213969035055,68.34
Loch_Leven,-3.35165,56.18803,-3.4043630797913944,56.162187141202594,4166,429,4.34780649283186,90.0
SDU2018,-67.8695,-20.0318,-67.86314937662046,-20.038090526962062,3078,3781,0.9640514298184257,24.5
Tres_Olivos,-3.688514,40.499111,-3.7021045510244934,40.49223946229761,4716,906,1.3800285010153681,85.64
Barajas,-3.580576,40.465277,-3.6465732770242525,40.44180730750561,4718,908,6.163871370591914,86.799995
Suertes,-3.605795,40.371644,-3.590078851052703,40.39151265609535,4720,910,2.579352408244025,85.729996
Cuatro_Vientos,-3.779692,40.370096,-3.798922297407897,40.37083848252956,4719,910,1.631210899950004,85.729996
ARM_Cordoba,-64.72837,-32.12641,-64.72304825176478,-32.11701253960204,3177,4341,1.1589167730260292,38.52
NEON_YELL,-110.53914,44.95348,-110.55541058886787,44.966960599510685,1502,640,1.9712461198009223,63.19
VirginiaTech,-80.424681,37.230775,-80.43384956844511,37.229054221382,2481,871,0.8339855191297563,43.879997
Montevideo_FING,-56.166767,-34.918167,-56.17490707374397,-34.91035555233394,3518,4448,1.1425163867388946,44.68
Alkali_Lake,-117.382,37.8588,-117.37334314863232,37.861301331119236,1145,909,0.8092794090243565,62.69
Railroad_NSPO,-115.692,38.504722,-115.68549613160528,38.50777411163467,1207,880,0.6598909904989492,61.68
Grizzly_Bay,-122.056208,38.108167,-122.03810599594638,38.10864990242013,1030,913,1.5847106496877896,66.24
Merida_MEDA,-89.6452,20.9839,-89.65188215967545,20.972942577753045,1974,1600,1.4020844917313582,30.0
Campus_USACH,-70.681567,-33.4499,-70.68194063005869,-33.44200487303009,2905,4400,0.8785822361394368,38.71
Casablanca_Platform,1.358,40.717,1.3212730342558994,40.65726468468959,4742,918,7.328660184227447,90.0
MAXAR_FUTON,-104.885,40.03556,-104.89976572885251,40.04376954071209,1572,797,1.55351388682221,56.14
Cliff_Creek_1,-114.843318,45.108708,-114.85022089270062,45.12027693745423,1390,646,1.395795593754353,65.75
Cliff_Creek_2,-114.843248,45.115091,-114.85022089270062,45.12027693745423,1390,646,0.7949052804343557,65.75
Cliff_Creek_3,-114.836824,45.115417,-114.85022089270062,45.12027693745423,1390,646,1.1819566122207041,65.75
Cliff_Creek_4,-114.83938,45.123432,-114.85022089270062,45.12027693745423,1390,646,0.9200797310271088,65.75
Cliff_Creek_5,-114.846827,45.129928,-114.85022089270062,45.12027693745423,1390,646,1.1056886697032402,65.75
Cliff_Creek_6,-114.845318,45.144171,-114.84095544728942,45.15029549594216,1391,645,0.762123225692375,65.75
Railroad_Valley2,-115.691,38.497,-115.68549613160528,38.50777411163467,1207,880,1.2902143735539682,61.68
Dakar_Belair,-17.4256,14.7017,-17.43034732444049,14.698009282225964,5089,1973,0.6550814112526958,67.01
NIST_bld226,-77.218056,39.137417,-77.2192716502634,39.1501548553438,2620,797,1.4202594103016501,45.75
Missoula_Health_Dpt,-113.995597,46.875753,-113.97470568450409,46.87167620011269,1457,588,1.6514640257548927,66.659996
Missoula_Pt_Six,-113.986306,47.041333,-113.97973507778637,47.033255512986614,1461,583,1.0269760974307867,66.76
Missoula_Waterworks,-113.987222,46.880881,-113.97470568450409,46.87167620011269,1457,588,1.3973931585643848,66.659996
Missoula_Midslope,-114.025889,46.999861,-114.03030810088352,47.00521543685281,1459,584,0.6832133300391047,66.53
Meridian_DEQ,-116.347989,43.600697,-116.35012402939464,43.61158895576993,1313,700,1.2232691534712992,65.52
Cascade_Airport,-116.016825,44.495286,-116.00884183736696,44.483039376654574,1344,670,1.5018043227483608,65.93
McCall_Dragon_1,-116.1962,44.764,-116.182121854955,44.770974900357324,1347,661,1.3552586324203022,66.36
McCall_Dragon_3,-116.2894,45.0385,-116.28326300515359,45.02416288804132,1351,653,1.665563178377573,66.659996
McCall_Dragon_4,-115.9146,45.2767,-115.89987969217762,45.26898036977462,1367,644,1.4365445519446098,66.45
McCall_Dragon_5,-115.6834,45.2674,-115.67494307674852,45.281030985708284,1373,643,1.6538587101458446,66.39
McCall_Dragon_6,-116.0255,45.4056,-116.03931165920508,45.40437957129711,1367,640,1.0867680015517849,66.67
McCall_Dragon_7,-116.3295,45.4105,-116.31053354724011,45.39632221315085,1360,641,2.1628488120545577,66.82
McCall_AB_Standard,-116.115561,44.870242,-116.11146525709042,44.856671809542576,1351,658,1.543077926321802,66.439995
McCall_AB_Polar,-116.115561,44.870242,-116.11146525709042,44.856671809542576,1351,658,1.543077926321802,66.439995
Ibirapuera,-46.650924,-23.589183,-46.6407182162484,-23.583790431439223,4046,3933,1.2005008144173064,41.66
McCall_Dragon_8,-115.845115,45.268874,-115.85655460169302,45.26534948558741,1368,644,0.9772785806154225,66.31
McCall_Dragon_9,-115.849037,45.272417,-115.85655460169302,45.26534948558741,1368,644,0.9816800208606995,66.31
Pico_Del_Este,-65.75,18.266667,-65.75536318113802,18.269872898471856,3191,1732,0.6691600980031239,24.189999
Salton_Sea,-115.85593,33.16923,-115.8562939384935,33.16181071716136,1085,1091,0.8256818181113132,58.609997
Roque_Muchachos,-17.8939,28.7639,-17.914321960599825,28.758222662672345,4839,1322,2.088377553471463,70.03
Croisic_UTLN,-2.5134,47.293606,-2.5365893652777927,47.290352560752105,4500,682,1.7859507306503066,90.0
Bahia_Blanca,-61.721667,-39.148333,-61.72943222871071,-39.1378060153808,3252,4619,1.3485696144213126,46.739998
Escudero_Station,-58.9657,-62.2015,-58.952294673367035,-62.224243588254254,3082,5248,2.6227058139229675,70.49
Sacramento_CARB,-121.49311,38.56844,-121.49458212560506,38.57199514241887,1055,894,0.41551474142677475,66.13
Princeton_Univ,-74.65219,40.35028,-74.64141496283749,40.34145516232762,2726,753,1.340431448346727,47.059998
USDA_ALARC,-111.97339,33.077454,-111.96927944930384,33.07270406475404,1205,1085,0.6524233664375556,55.68
Herstmonceux,0.334378,50.867517,0.41020197208589715,50.8545537822837,4389,585,5.513584386782063,90.0
Catalina,-110.879547,32.456511,-110.89161010092691,32.45855329523506,1229,1108,1.1543793227140964,54.379997
London-CDN,-81.27,43.008,-81.27695714054285,42.998699746030844,2470,661,1.1787762192293516,50.41
Girardota_Colombia,-75.448979,6.376324,-75.44435881218129,6.373033609609323,2687,2361,0.6281249514926498,7.8599997
Dugway_Utah,-113.21408,40.101944,-113.2111247908017,40.08983484431551,1314,815,1.3697398062340964,61.129997
Ji_Parana_UNIR_2,-61.9812,-10.9702,-61.98728493242334,-10.963847079556858,3409,3308,0.9696676572662931,19.63
Chesapeake_Bay,-76.3489,39.12351,-76.3451529762641,39.1201085401665,2656,798,0.4975320295748808,45.71
Lake_Okeechobee_N,-80.788803,27.139117,-80.79362277116736,27.14166764312271,2432,1300,0.5548830526777628,32.71
Guadiana-UGR,-3.228483,37.910839,-3.2015936530161118,37.911611595548266,4798,1002,2.360532928553217,86.159996
San_Jose_State_Univ,-121.882261,37.332856,-121.90333626333926,37.33437613895872,1014,942,1.8709797852378138,65.64
Capel_Dewi,-4.004613,52.424804,-3.9809490771681886,52.43933208824646,4304,525,2.27672955108141,90.0
YUMA_SL,-114.58278,32.644138,-114.56666519100183,32.647599475158906,1114,1109,1.5571248280658785,57.35
Asuncion_Airport,-57.514727,-25.235809,-57.52518993086822,-25.242029765449576,3553,4026,1.2593402920363754,34.94
GasLab_SJ_CostaRica,-84.0425,9.939444,-84.05101429647527,9.931412468589638,2221,2169,1.2912056124986717,16.08
NREL-Golden,-105.17799,39.743725,-105.17519269923793,39.73184732400548,1557,809,1.3422211478550683,56.1
WFF_X-75_Sci_Obs,-75.477517,37.843908,-75.48685505670285,37.84858633439874,2691,846,0.9710384306060093,44.19
Sacramento_River,-121.88755,38.049531,-121.89014054556901,38.04403634618054,1032,915,0.6517305851093281,65.869995
Manchester_UoM,-2.232006,53.467374,-2.256310142110976,53.458704785660935,4277,503,1.8755874498819067,90.0
Plymouth_Marine_Lab,-4.147867,50.366,-4.126086433820908,50.34518470599967,4380,584,2.782958244693194,89.909996
ECCOE-Brookings-BKX,-96.823603,44.323869,-96.83443509432998,44.32470749070579,1917,633,0.8667060821651549,56.12
ECCOE-EROS-InstFarm,-96.62185,43.733706,-96.60764839579136,43.74242067583825,1916,652,1.4969209245073873,55.42
ECCOE-Mann-Farm-SD,-98.215017,43.997131,-98.22350754980924,44.00208090912392,1865,646,0.8741700472512957,56.289997
ECCOE-N-ArlingtonSD,-97.1281,44.410625,-97.13404749340422,44.40007333220271,1908,631,1.2648447345973257,56.19
ECCOE-SDSU-R-Park,-96.76225,44.321064,-96.77423662058766,44.321772901000976,1919,633,0.9568165365623289,56.059998
Lewis-Clark_ID_USA,-117.02717,46.413153,-117.02170266223197,46.397739303421126,1369,611,1.7644465889435017,67.9
Mindelo_OSCM,-24.995374,16.877772,-25.0070915456372,16.876967106199455,4882,1853,1.2500203583371152,59.64
Montreal,-73.620786,45.522558,-73.62557538106417,45.53058549254248,2762,576,0.9674528800381731,52.829998
OU_NWC,-97.440306,35.181861,-97.45006155540548,35.1930948450332,1764,969,1.5317758199478837,47.78
MammothCUES_CA_USA,-119.029,37.643,-119.03464859270055,37.64154378795764,1095,922,0.5230452906146893,63.699997
ECCOE-Edwards-AFB,-117.879672,34.947386,-117.89196951630704,34.94615088622315,1064,1024,1.1292369526958805,61.3
UH_Liberty,-94.763,30.096944,-94.75243978302562,30.10326847280634,1814,1179,1.2355586994656604,41.59
ARM_Gothic,-106.988,38.956,-106.99312457135454,38.94777786263662,1482,842,1.015993909203617,56.489998
ARM_LaPorte,-95.059,29.669,-95.06376961121101,29.657979998881924,1796,1199,1.3091644757773548,41.39
Tahiti_MF,-149.614539,-17.555379,-149.6419087332349,-17.54243252168722,149,3552,3.239208769756655,84.93
UH_Aldine,-95.326125,29.901111,-95.33270293527733,29.893405079504085,1787,1189,1.065965975306786,41.78
UH_Sugarland,-95.652,29.574167,-95.65391933442008,29.585668385432655,1770,1203,1.2922938379209692,41.64
La_Parva,-70.2972,-33.3304,-70.28633337972435,-33.3252987869521,2923,4395,1.1580282963923068,38.62
ECCOE-Moneta-WY,-107.695394,43.150422,-107.69291111079033,43.14154550904122,1545,694,1.0073659243366755,60.079998
Alta_Floresta_IF,-56.064393,-9.908354,-56.06959371764547,-9.911113190040451,3715,3249,0.6470314578024342,24.689999
La_Palma,-17.848611,28.486667,-17.864622113968487,28.483298529005452,4846,1334,1.609031326980235,69.95
Carmel_Valley,-121.6464,36.4021,-121.63536925451017,36.4062527375408,998,977,1.0898572897917798,64.9
Roosevelt_HS,-76.868269,38.994375,-76.87458146925078,38.9879624332647,2634,803,0.897812172164458,45.579998
ECCOE-Guymon-OK,-101.4787,36.714822,-101.4711581119844,36.70874846177638,1634,916,0.952919624552161,51.28
ECCOE-CoconinoNF-AZ,-111.566153,35.447761,-111.58175031941992,35.440049183505344,1264,988,1.652795585787444,56.899998
ATTO-Campina,-59.021861,-2.181583,-59.025072167845835,-2.1815099302290437,3580,2831,0.3568992787107983,18.789999
Seguin_Texas_USA,-97.982997,29.570896,-97.97491582982867,29.571733698255464,1672,1207,0.7870686763347802,43.079998
Ilo_UNAM,-71.338867,-17.601983,-71.34518928271727,-17.60744635080384,2903,3659,0.9044672862324219,20.66
Banana_River,-80.63328,28.36699,-80.63871429607303,28.368596329599086,2443,1244,0.5609028429856884,34.04
Yerba_Loca,-70.2965,-33.33015,-70.28633337972435,-33.3252987869521,2923,4395,1.0877403379209816,38.62
Chajnantor,-67.786118,-22.959314,-67.7906898345205,-22.96336217003659,3073,3925,0.6494051733378281,27.64
Cerro_Tres_Puntas,-70.233,-33.318,-70.24158536419513,-33.32567296616867,2925,4395,1.1680202534258204,38.64
PLOCAN_Tower,-15.385113,28.041118,-15.37634410858628,28.025439482882938,4902,1361,1.9442416981662123,72.07
UCR_Santa_Cruz,-85.595211,10.283649,-85.60356028811468,10.274864026682145,2139,2151,1.3374238768631508,17.619999
Mohawk_Mountain,-73.29733,41.8214,-73.28675134531463,41.82996090967183,2779,700,1.2940262586489237,48.67
New_Haven,-72.90288,41.301111,-72.9003679483561,41.29310098595614,2795,719,0.9150620874224191,48.05
East_Brunswick,-74.4294,40.4623,-74.4177480036437,40.45203079520256,2735,749,1.50857052107705,47.059998
Flushing,-73.8157,40.734167,-73.81742230633449,40.73026527640728,2759,739,0.45747967913027077,47.39
SUNY_Rockland,-74.0855,41.1347,-74.08473530257878,41.14864494277938,2748,724,1.5519285517495767,47.85
Guadiana_UGR_4,-3.22757,37.915013,-3.2015936530161118,37.911611595548266,4798,1002,2.3099818287852627,86.159996
San_Nicolas_Island,-119.5223,33.2799,-119.51119176810586,33.276631024034415,982,1096,1.0947374083527521,61.48
MAGIC_ORM_La_Palma,-17.89067,28.761767,-17.914321960599825,28.758222662672345,4839,1322,2.3389937477588023,70.03
ARM_La_Jolla,-117.256723,32.866906,-117.26485410153273,32.86301654576008,1037,1107,0.873946293968568,59.489998
Juan_Carlos_I_base,-60.389444,-62.663056,-60.399100358417314,-62.68326855342492,3044,5257,2.3009504271227144,70.46
IMPACTS_UConn,-72.258149,41.818175,-72.24634186700797,41.80656774820928,2820,701,1.6196808350408214,48.73
RdP-EsNM,-57.8959,-34.818,-57.88858165074333,-34.80563977147185,3449,4446,1.5281859118341656,43.84
CASP_Watkins_CO_USA,-104.531911,39.786017,-104.54163205604355,39.77689032575412,1579,806,1.3114646864235493,55.62
Paranal_basecamp,-70.387045,-24.640915,-70.38466453024868,-24.63146263353803,2940,4006,1.0782421727642282,28.81
Chiwaukee_Prairie,-87.8093,42.5047,-87.79645767529811,42.4960279880144,2219,683,1.42768610291407,51.21
Howard_Univ-IRB,-77.021542,38.919424,-77.01719768002356,38.90837385042703,2628,806,1.2849249398477423,45.44
WC_Whittier_CA,-118.0299,33.9678,-118.04669514657917,33.96341258357452,1038,1064,1.6238982514228484,60.82
NPU_Chicago_IL,-87.712,41.9748,-87.70095935085304,41.975033968960815,2218,701,0.9130625302479879,50.6
Turlock_CA_USA,-120.85586,37.52387,-120.84447963785158,37.515262131102496,1045,932,1.3869050948047774,64.979996
VCURRC_CharlesCity,-77.205661,37.326192,-77.20372310404073,37.33380484979624,2618,866,0.8636771765565446,43.67
Selegua_BSRN,-91.99021,15.783889,-91.98118060742793,15.784040571860507,1831,1864,0.9663121172641306,27.34
Canchones,-69.5326,-20.4441,-69.52980248901547,-20.447552625197662,2992,3802,0.4820233769205519,24.39
Lubbock_TTU_TX_USA,-102.05054,33.61054,-102.05667295215802,33.59877561666773,1564,1042,1.4261254536597072,49.039997
Ragged_Point_2,-59.432,13.165,-59.43389650145115,13.157034239112688,3533,2000,0.9092427793195443,23.96
